-- phpMyAdmin SQL Dump
-- version 4.5.1
-- http://www.phpmyadmin.net
--
-- Host: 127.0.0.1
-- Generation Time: May 21, 2016 at 11:35 AM
-- Server version: 10.1.13-MariaDB
-- PHP Version: 7.0.5

SET SQL_MODE = "NO_AUTO_VALUE_ON_ZERO";
SET time_zone = "+00:00";


/*!40101 SET @OLD_CHARACTER_SET_CLIENT=@@CHARACTER_SET_CLIENT */;
/*!40101 SET @OLD_CHARACTER_SET_RESULTS=@@CHARACTER_SET_RESULTS */;
/*!40101 SET @OLD_COLLATION_CONNECTION=@@COLLATION_CONNECTION */;
/*!40101 SET NAMES utf8mb4 */;

--
-- Database: `my_blog`
--

-- --------------------------------------------------------

--
-- Table structure for table `city`
--

CREATE TABLE `city` (
  `id` int(11) NOT NULL,
  `city_name` varchar(100) DEFAULT NULL,
  `country_id` int(11) DEFAULT NULL
) ENGINE=InnoDB DEFAULT CHARSET=latin1;

--
-- Dumping data for table `city`
--

INSERT INTO `city` (`id`, `city_name`, `country_id`) VALUES
(1, 'Dhaka', 1),
(2, 'Rajshahi', 1),
(3, 'Khulna', 1),
(5, 'Lords', 2),
(6, 'New yourk ', 3),
(9, 'Lahore', 5),
(11, 'Kishoreganj ', 1),
(12, 'Madaripur ', 1),
(13, 'Manikganj ', 1),
(23, 'Jhenaidah ', 1),
(31, 'Khulna', 1),
(32, 'Netrokona', 1),
(34, 'Madaripur', 1);

-- --------------------------------------------------------

--
-- Table structure for table `comments`
--

CREATE TABLE `comments` (
  `id` int(11) NOT NULL,
  `description` text,
  `comment_date` timestamp NOT NULL DEFAULT CURRENT_TIMESTAMP,
  `post_id` int(11) DEFAULT NULL,
  `name` varchar(128) NOT NULL DEFAULT 'NOT NULL',
  `mail` varchar(128) NOT NULL DEFAULT 'NOT NULL',
  `user_id` int(11) DEFAULT NULL
) ENGINE=InnoDB DEFAULT CHARSET=latin1;

--
-- Dumping data for table `comments`
--

INSERT INTO `comments` (`id`, `description`, `comment_date`, `post_id`, `name`, `mail`, `user_id`) VALUES
(1, 'i am nnnnnnnnnnnnnnnnnnnnn', '2016-05-17 06:57:18', 2, '', 'NOT NULL', 2),
(2, 'After that incident, I tried to find some solution. Then I find an awesome tool called trash. It’s a simple node module and you can use it to your project. But I installed it globally so that I can use it anywhere on my machine. It deletes your files and folders just like rm but it put then to trash. So, you can undo the process.', '2016-05-17 06:57:18', 1, '', 'NOT NULL', 1),
(3, 'hhhhhhhhhhhhhhhhhhhhhh', '2016-05-17 06:57:18', 2, '', 'NOT NULL', 1),
(4, 'ssssssssssssssssssssssssssssss', '2016-05-17 06:57:18', 1, '', 'NOT NULL', 2),
(5, 'I am a novice php programmer.', '2016-05-17 06:57:18', 2, '', 'NOT NULL', 2),
(6, 'I am a novice php developer', '2016-05-17 07:00:15', 2, '', 'NOT NULL', 2),
(7, 'à¦•à§à¦¡à¦¼à¦¿à¦—à§à¦°à¦¾à¦® à¦¸à¦°à¦•à¦¾à¦°à¦¿ à¦•à¦²à§‡à¦œ, à¦²à¦¾à¦²à¦®à¦¨à¦¿à¦°à¦¹à¦¾à¦Ÿà§‡à¦° à¦‰à¦¤à§à¦¤à¦°à¦¬à¦¾à¦‚à¦²à¦¾ à¦•à¦²à§‡à¦œ, à¦¨à§€à¦²à¦«à¦¾à¦®à¦¾à¦°à§€ à¦¸à¦°à¦•à¦¾à¦°à¦¿ à¦•à¦²à§‡à¦œ, à¦¦à¦¿à¦¨à¦¾à¦œà¦ªà§à¦° à¦¸à¦°à¦•à¦¾à¦°à¦¿ à¦®à¦¹à¦¿à¦²à¦¾ à¦•à¦²à§‡à¦œ, à¦²à¦¾à¦²à¦®à¦¨à¦¿à¦°à¦¹à¦¾à¦Ÿ à¦¸à¦°à¦•à¦¾à¦°à¦¿ à¦•à¦²à§‡à¦œ, à¦°à¦‚à¦ªà§à¦° à¦¸à¦°à¦•à¦¾à¦°à¦¿ à¦•à¦²à§‡à¦œà¥¤', '2016-05-17 17:16:29', 47, 'omour', 'omourfaruk89@gmail.com', NULL),
(8, 'I am a good boy.', '2016-05-17 17:19:04', 47, 'omour', 'omourfaruk89@gmail.com', NULL),
(9, 'à¦¸à¦°à¦•à¦¾à¦°à¦¿ à¦®à¦¹à¦¿à¦²à¦¾ à¦•à¦²à§‡à¦œ, à¦¬à¦¾à¦—à§‡à¦°à¦¹à¦¾à¦Ÿà§‡à¦° à¦¸à¦°à¦•à¦¾à¦°à¦¿ à¦ªà¦¿ à¦¸à¦¿ à¦•à¦²à§‡à¦œ, à¦¸à¦¾à¦¤à¦•à§à¦·à§€à¦°à¦¾à¦° à¦¸à¦°à¦•à¦¾à¦°à¦¿ à¦¶à§à¦¯à¦¾à¦®à¦¨à¦—à¦° à¦®à¦¹à¦¸à§€à¦¨ à¦•à¦²à§‡à¦œ à¦“ à¦¯à¦¶à§‹à¦°à§‡à¦° à¦¨à¦“à¦¯à¦¼à¦¾à¦ªà¦¾à¦¡à¦¼à¦¾ à¦•à¦²à§‡à¦œà¥¤ à¦¬à¦°à¦¿à¦¶à¦¾à¦² à¦…à¦žà§à¦šà¦²à§‡à¦° à¦¸à§‡à¦°à¦¾ à§¯ à¦¸à§‡à¦°à¦¾ à¦•à¦²à§‡à¦œ : à¦¬à¦¿ à¦à¦® à¦•à¦²à§‡à¦œ, à¦¬à¦°à¦¿à¦¶à¦¾à¦²à§‡à¦° à¦¸à¦°à¦•à¦¾à¦°à¦¿ à¦®à¦¹à¦¿à¦²à¦¾ à¦•à¦²à§‡à¦œ, à¦¸à¦°à¦•à¦¾à¦°à¦¿ à¦¬à¦°à¦¿à¦¶à¦¾à¦² à¦•à¦²à§‡à¦œ, à¦­à§‹à¦²à¦¾ à¦¸à¦°à¦•à¦¾à¦°à¦¿ à¦•à¦²à§‡à¦œ, à¦¬à¦°à¦—à§à¦¨à¦¾ à¦¸à¦°à¦•à¦¾à¦°à¦¿ à¦•à¦²à§‡à¦œ, à¦¬à¦°à¦¿à¦¶à¦¾à¦²à§‡à¦° à¦¸à¦°à¦•à¦¾à¦°à¦¿ à¦¸à§ˆà¦¯à¦¼à¦¦ à¦¹à¦¾à¦¤à§‡à¦® à¦†à¦²à§€ à¦•à¦²à§‡à¦œ, à¦ªà¦¿à¦°à§‹à¦œà¦ªà§à¦°à§‡à¦° à¦¸à¦°à¦•à¦¾à¦°à¦¿ à¦¸à§‹à¦¹à¦°à¦¾à¦“à¦¯à¦¼à¦¾à¦°à§à¦¦à§€ à¦•à¦²à§‡à¦œ, à¦­à§‹à¦²à¦¾à¦° à¦šà¦°à¦«à§à¦¯à¦¾à¦¶à¦¨ à¦¸à¦°à¦•à¦¾à¦°à¦¿ à¦•à¦²à§‡à¦œ à¦“ à¦¬à¦°à¦¿à¦¶à¦¾à¦²à§‡à¦° à¦¸à¦°à¦•à¦¾à¦°à¦¿ à¦«à¦œà¦²à§à¦² à¦¹à¦• à¦•à¦²à§‡à¦œà¥¤ à¦¸à¦¿à¦²à§‡à¦Ÿ à¦…à¦žà§à¦šà¦²à§‡à¦° à¦¸à§‡à¦°à¦¾ à§® : à¦¸à¦¿à¦²à§‡à¦Ÿà§‡à¦° à¦à¦® à¦¸à¦¿ à¦•à¦²à§‡à¦œ, ', '2016-05-17 17:19:36', 47, 'omour', 'omourfaruk89@gmail.com', NULL),
(10, 'à¦¹à¦¾à¦¸à¦¾à¦¨ à¦œà¦¾à¦¨à¦¾à¦¨, à¦¬à¦¾à¦¬à§à¦²à¦•à§‡ à¦ªà§à¦°à¦¥à¦®à§‡ à¦®à¦¿à¦°à¦ªà§à¦°à§‡à¦° à¦¶à¦¿à¦¶à§ à¦¸à§à¦¬à¦¾à¦¸à§à¦¥à§à¦¯ à¦«à¦¾à¦‰à¦¨à§à¦¡à§‡à¦¶à¦¨ à¦¨à§‡à¦“à§Ÿà¦¾ à¦¹à§Ÿà¥¤ à¦¸à§‡à¦–à¦¾à¦¨ à¦¥à§‡à¦•à§‡ à¦¸à§à¦¥à¦¾à¦¨à§€à§Ÿ à¦à¦•à¦Ÿà¦¿ à¦¹à¦¾à¦¸à¦ªà¦¾à¦¤à¦¾à¦²à§‡ à¦¨à§‡à¦“à§Ÿà¦¾à¦° à¦ªà¦° à¦…à¦¬à¦¸à§à¦¥à¦¾à¦° à¦…à¦¬à¦¨à¦¤à¦¿ à¦¹à§Ÿà¥¤ à¦ªà¦°à§‡ à¦¶à§‡à¦°à§‡à¦¬à¦¾à¦‚à¦²à¦¾ à¦¨à¦—à¦°à§‡ à¦¨à¦¿à¦‰à¦°à§‹ à¦¸à¦¾à§Ÿà§‡à¦¨à§à¦¸ à¦¹à¦¾à¦¸à¦ªà¦¾à¦¤à¦¾à¦²à§‡ à¦¨à¦¿à¦²à§‡ à¦šà¦¿à¦•à¦¿à§Žà¦¸à¦• à¦¤à¦¾à¦•à§‡ à¦®à§ƒà¦¤ à¦˜à§‹à¦·à¦£à¦¾ à¦•à¦°à§‡à¦¨à¥¤ à¦“à¦¸à¦¿ à¦œà¦¾à¦¨à¦¾à¦¨, à¦¬à¦¾à¦¬à§à¦²à§‡à¦° à¦–à§‡à¦²à¦¾à¦° à¦¸à¦™à§à¦—à§€ à¦¤à¦¿à¦¨ à¦¬à¦¨à§à¦§à§à¦•à§‡ à¦œà¦¿à¦œà§à¦žà¦¾à¦¸à¦¾à¦¬à¦¾à¦¦ à¦•à¦°à¦¾ à¦¹à§Ÿà§‡à¦›à§‡à¥¤ à¦¤à¦¾à¦°à¦¾ à¦¬à¦²à§‡à¦›à§‡, à¦•à§à¦°à¦¿à¦•à§‡à¦Ÿ à¦–à§‡à¦²à¦¾à§Ÿ à¦¨à§‹ à¦¬à¦² à¦¨à¦¿à§Ÿà§‡ à¦à¦¾à¦®à§‡à¦²à¦¾à§Ÿ à¦¬à¦¿à¦§à¦¾à¦¨ à¦¬à¦¾à¦¬à§à¦²à¦•à§‡ ', '2016-05-17 17:20:27', 45, 'omour', 'omourfaruk89@gmail.com', NULL),
(11, 'à¦¹à¦¾à¦¸à¦¾à¦¨ à¦œà¦¾à¦¨à¦¾à¦¨, à¦¬à¦¾à¦¬à§à¦²à¦•à§‡ à¦ªà§à¦°à¦¥à¦®à§‡ à¦®à¦¿à¦°à¦ªà§à¦°à§‡à¦° à¦¶à¦¿à¦¶à§ à¦¸à§à¦¬à¦¾à¦¸à§à¦¥à§à¦¯ à¦«à¦¾à¦‰à¦¨à§à¦¡à§‡à¦¶à¦¨ à¦¨à§‡à¦“à§Ÿà¦¾ à¦¹à§Ÿà¥¤ à¦¸à§‡à¦–à¦¾à¦¨ à¦¥à§‡à¦•à§‡ à¦¸à§à¦¥à¦¾à¦¨à§€à§Ÿ à¦à¦•à¦Ÿà¦¿ à¦¹à¦¾à¦¸à¦ªà¦¾à¦¤à¦¾à¦²à§‡ à¦¨à§‡à¦“à§Ÿà¦¾à¦° à¦ªà¦° à¦…à¦¬à¦¸à§à¦¥à¦¾à¦° à¦…à¦¬à¦¨à¦¤à¦¿ à¦¹à§Ÿà¥¤ à¦ªà¦°à§‡ à¦¶à§‡à¦°à§‡à¦¬à¦¾à¦‚à¦²à¦¾ à¦¨à¦—à¦°à§‡ à¦¨à¦¿à¦‰à¦°à§‹ à¦¸à¦¾à§Ÿà§‡à¦¨à§à¦¸ à¦¹à¦¾à¦¸à¦ªà¦¾à¦¤à¦¾à¦²à§‡ à¦¨à¦¿à¦²à§‡ à¦šà¦¿à¦•à¦¿à§Žà¦¸à¦• à¦¤à¦¾à¦•à§‡ à¦®à§ƒà¦¤ à¦˜à§‹à¦·à¦£à¦¾ à¦•à¦°à§‡à¦¨à¥¤ à¦“à¦¸à¦¿ à¦œà¦¾à¦¨à¦¾à¦¨, à¦¬à¦¾à¦¬à§à¦²à§‡à¦° à¦–à§‡à¦²à¦¾à¦° à¦¸à¦™à§à¦—à§€ à¦¤à¦¿à¦¨ à¦¬à¦¨à§à¦§à§à¦•à§‡ à¦œà¦¿à¦œà§à¦žà¦¾à¦¸à¦¾à¦¬à¦¾à¦¦ à¦•à¦°à¦¾ à¦¹à§Ÿà§‡à¦›à§‡à¥¤ à¦¤à¦¾à¦°à¦¾ à¦¬à¦²à§‡à¦›à§‡, à¦•à§à¦°à¦¿à¦•à§‡à¦Ÿ à¦–à§‡à¦²à¦¾à§Ÿ à¦¨à§‹ à¦¬à¦² à¦¨à¦¿à§Ÿà§‡ à¦à¦¾à¦®à§‡à¦²à¦¾à§Ÿ à¦¬à¦¿à¦§à¦¾à¦¨ à¦¬à¦¾à¦¬à§à¦²à¦•à§‡ ', '2016-05-17 17:30:24', 45, 'omour', 'omourfaruk89@gmail.com', NULL),
(12, 'à¦†à¦®à¦¿à¦¨ à¦œà§à¦¨à¦¿à§Ÿà¦°à§‡à¦° à¦¸à¦™à§à¦—à§‡ à§®à§ª à¦°à¦¾à¦¨à§‡à¦° à¦†à¦°à§‡à¦•à¦Ÿà¦¿ à¦­à¦¾à¦²à§‹ à¦œà§à¦Ÿà¦¿ à¦‰à¦ªà¦¹à¦¾à¦° à¦¦à§‡à¦¨ à¦®à¦œà¦¿à¦¦à¥¤ à¦¦à¦²à¦•à§‡ à¦­à¦¾à¦²à§‹ à¦…à¦¬à¦¸à§à¦¥à¦¾à¦¨à§‡ à¦ªà§Œà¦à¦›à§‡ à¦¦à§‡à¦“à§Ÿà¦¾ à¦à¦‡ à¦‰à¦¦à§à¦¬à§‹à¦§à¦¨à§€ à¦¬à§à¦¯à¦¾à¦Ÿà¦¸à¦®à§à¦¯à¦¾à¦¨à¦•à§‡ à¦«à¦¿à¦°à¦¤à§‡ à¦¹à§Ÿ à¦®à¦¾à¦¤à§à¦° à§¬ à¦°à¦¾à¦¨à§‡à¦° à¦œà¦¨à§à¦¯ à¦¶à¦¤à¦• à¦¨à¦¾ à¦ªà¦¾à¦“à§Ÿà¦¾à¦° à¦¹à¦¤à¦¾à¦¶à¦¾ à¦¨à¦¿à§Ÿà§‡à¥¤ à¦†à¦² à¦†à¦®à¦¿à¦¨à§‡à¦° à¦¬à¦²à§‡ à¦¬à§‹à¦²à§à¦¡ à¦¹à¦“à§Ÿà¦¾à¦° à¦†à¦—à§‡ à§¯à§ª à¦°à¦¾à¦¨ à¦•à¦°à§‡à¦¨ à¦®à¦œà¦¿à¦¦à¥¤ à¦¤à¦¾à¦° à§§à§©à§­ à¦¬à¦²à§‡à¦° à¦‡à¦¨à¦¿à¦‚à¦¸à¦Ÿà¦¿ à¦—à§œà¦¾ à§­à¦Ÿà¦¿ à¦šà¦¾à¦° à¦“ à¦à¦•à¦Ÿà¦¿ à¦›à¦•à§à¦•à¦¾à§Ÿà¥¤ à§«à§§ à¦°à¦¾à¦¨à§‡ à¦…à¦ªà¦°à¦¾à¦œà¦¿à¦¤ à¦¥à¦¾à¦•à§‡à¦¨ à¦šà¦²à¦¤à¦¿ à¦†à¦¸à¦°à§‡ à¦¦à¦¾à¦°à§à¦£ à¦¬à§à¦¯à¦¾à¦Ÿà¦¿à¦‚ à¦•à¦°à¦¾ à¦†à¦² à¦†à¦®à¦¿à¦¨à¥¤ à¦†à¦² à¦†à¦®à¦¿à¦¨ à¦¤à¦¿à¦¨ à¦‰à¦‡à¦•à§‡à¦Ÿ à¦¨à§‡à¦¨ à§«à§­ à¦°à¦¾à¦¨à§‡à¥¤', '2016-05-17 17:58:24', 40, 'omour', 'omourfaruk89@gmail.com', NULL),
(13, 'May be I am sucessfull', '2016-05-17 17:59:37', 40, 'omour', 'omourfaruk89@gmail.com', NULL),
(14, 'à¦ªà¦¿à¦Ÿà¦¿à§Ÿà§‡à¦›à§‡à¥¤ à¦˜à¦Ÿà¦¨à¦¾à¦° à¦ªà¦° à¦¥à§‡à¦•à§‡ à¦¬à¦¿à¦§à¦¾à¦¨ à¦ªà¦²à¦¾à¦¤à¦• à¦°à§Ÿà§‡à¦›à§‡à¥¤ à¦¤à¦¾à¦•à§‡ à¦†à¦Ÿà¦•à§‡à¦° à¦šà§‡à¦·à§à¦Ÿà¦¾ à¦šà¦²à¦›à§‡à¥¤ - See more at: http://bangla.samakal.net/2016/05/11/211604#sthash.WN1ppaXV.dpuf', '2016-05-17 18:11:15', 45, 'omour', 'omourfaruk89@gmail.com', NULL),
(15, 'Nice post.', '2016-05-17 19:38:59', 31, 'Md. Omour Faruk', 'omourfaruk89@gmail.com', NULL),
(16, 'à¦¸à¦¬à¦¾à¦‡ à¦à¦• à¦¯à§‹à¦—à§‡ à¦®à¦¾à¦ à§‡ - à¦–à¦¾à¦“à§Ÿà¦¾, à¦˜à§à¦® à¦¬à¦¾à¦¦ à¦¦à¦¿à§Ÿà§‡à¥¤ à¦§à¦¨à§à¦¯à¦¬à¦¾à¦¦ à¦œà¦¾à¦¨à¦¾à¦¤à§‡ à¦¹à§Ÿ à¦†à¦®à¦¾à¦¦à§‡à¦° à¦¬à§à¦¯à¦¬à¦¸à§à¦¥à¦¾à¦ªà¦¨à¦¾ à¦ªà¦°à¦¿à¦šà¦¾à¦²à¦• à¦—à¦¿à§Ÿà¦¾à¦¸ à¦¸à§à¦¯à¦¾à¦°à¦•à§‡ à¦…à¦²à§à¦ª à¦œà¦¨à¦¬à¦² à¦¨à¦¿à§Ÿà§‡ à¦…à¦¸à¦¾à¦§à§à¦¯ à¦¸à¦¾à¦§à¦¨à§‡ à¦¯à§‡à¦­à¦¾à¦¬à§‡ à¦à¦—à¦¿à§Ÿà§‡ à¦šà¦²à§‡à¦›à§‡à¦¨à¥¤ à¦¬à¦¿à¦ƒà¦¦à§à¦°à¦ƒ à¦°à¦¾à¦¤ à§§à§¦.à§©à§¦ à¦à¦° à¦†à¦—à§‡ à¦¬à¦¾à¦¸à¦¾à§Ÿ à¦«à¦¿à¦°à¦¤à§‡ à¦ªà¦¾à¦°à¦›à¦¿à¦¨à¦¾ à¦à¦‡à¦Ÿà¦¾ à¦¯à¦¤à¦Ÿà¦¾ à¦¨à¦¾ à¦¸à¦®à¦¸à§à¦¯à¦¾ à¦¤à¦¾à¦° à¦šà§‡à§Ÿà§‡ à¦¬à§‡à¦¶à¦¿ à¦¸à¦®à¦¸à§à¦¯à¦¾à§Ÿ à¦†à¦›à§‡ à¦†à¦®à¦¾à¦° à¦¸à¦¾à¦®à¦¾à¦œà¦¿à¦• à¦¸à¦®à§à¦ªà¦°à§à¦•à¥¤ à¦¤à¦¬à§‡ à¦¸à§à¦¨à§à¦¦à¦° à¦à¦¬à¦‚ à¦ªà¦°à¦¿à¦•à¦²à§à¦ªà¦¿à¦¤ à¦•à¦¾à¦œà§‡à¦° à¦…à¦‚à¦¶ à¦¹à¦¤à§‡ à¦ªà§‡à¦°à§‡ à¦†à¦®à¦¿ à¦—à¦°à§à¦¬à¦¿à¦¤ - à¦†à¦¨à¦¨à§à¦¦à¦¿à¦¤à¥¤', '2016-05-17 19:39:46', 31, 'Md. Omour Faruk', 'omourfaruk89@gmail.com', NULL),
(17, 'What is the problem?', '2016-05-17 19:40:31', 31, 'Md. Omour Faruk', 'omourfaruk89@gmail.com', NULL),
(18, 'I cunt understand.\r\n', '2016-05-17 19:41:04', 31, 'omour', 'omourfaruk89@gmail.com', NULL),
(19, 'what will be going now', '2016-05-17 19:42:54', 31, 'omour', 'omourfaruk89@gmail.com', NULL),
(20, 'à¦¸à¦¬à¦¾à¦‡ à¦à¦• à¦¯à§‹à¦—à§‡ à¦®à¦¾à¦ à§‡ - à¦–à¦¾à¦“à§Ÿà¦¾, à¦˜à§à¦® à¦¬à¦¾à¦¦ à¦¦à¦¿à§Ÿà§‡à¥¤', '2016-05-17 19:44:34', 31, 'omour', 'omourfaruk89@gmail.com', NULL),
(21, 'now', '2016-05-17 19:47:06', 31, 'omour', 'omourfaruk89@gmail.com', NULL),
(22, 'fadein', '2016-05-17 19:49:21', 31, 'omour', 'omourfaruk89@gmail.com', NULL),
(23, 'Now is it okay?', '2016-05-17 20:00:29', 31, 'omour faruk', 'omourfaruk89@gmail.com', NULL),
(24, 'now it is dynamic but still some problem is there\r\n', '2016-05-17 20:02:39', 31, 'omour', 'omourfaruk89@gmail.com', NULL),
(25, 'the story of legend', '2016-05-17 20:25:15', 31, 'omour faruk', 'omourfaruk89@gmail.com', NULL),
(26, 'Still I am checking', '2016-05-18 06:52:31', 47, 'Ashik', 'ashik@gmail.com', NULL),
(27, 'Trying again', '2016-05-18 06:56:27', 47, 'omour', 'omourfaruk89@gmail.com', NULL),
(28, 'Hi,I am sumon', '2016-05-18 08:49:43', 47, 'sumon', 'sumon@outlook.com', NULL),
(29, 'I have no comments.', '2016-05-19 08:03:19', 47, 'Sumon', 'sumon@gmail.com', NULL),
(30, 'Yea I have comments.', '2016-05-19 08:04:18', 47, 'sumon', 'sumon@gmail.com', NULL),
(31, 'I am testing it', '2016-05-19 11:45:03', 52, 'omour', 'omourfaruk89@gmail.com', NULL),
(32, 'Not bad', '2016-05-21 09:16:27', 53, 'omour', 'omour@gmail.com', NULL),
(33, 'I am still confused..', '2016-05-21 09:22:28', 53, 'Omour', 'omour@gmail.com', NULL),
(34, 'What is going on?\r\n', '2016-05-21 09:30:35', 57, 'Omour', 'omour@gmail.com', NULL),
(35, 'i am at home', '2016-05-21 09:31:31', 57, 'ashik', 'ashik@gmail.com', NULL);

-- --------------------------------------------------------

--
-- Table structure for table `country`
--

CREATE TABLE `country` (
  `id` int(11) NOT NULL,
  `country_name` varchar(100) DEFAULT NULL
) ENGINE=InnoDB DEFAULT CHARSET=latin1;

--
-- Dumping data for table `country`
--

INSERT INTO `country` (`id`, `country_name`) VALUES
(1, 'Bangladesh'),
(2, 'England'),
(3, 'America'),
(4, 'India'),
(5, 'Pakistan'),
(6, 'Bhutan'),
(7, 'Bhutan'),
(8, 'England'),
(9, 'Rassuia'),
(10, 'Ghana'),
(11, 'Japan'),
(12, 'Japan'),
(13, 'Afganistan'),
(27, 'Mayanmar'),
(28, 'Norway'),
(30, 'Bold Country');

-- --------------------------------------------------------

--
-- Table structure for table `post`
--

CREATE TABLE `post` (
  `id` int(11) NOT NULL,
  `title` varchar(200) CHARACTER SET latin1 DEFAULT NULL,
  `description` text CHARACTER SET latin1,
  `date_time` timestamp NOT NULL DEFAULT CURRENT_TIMESTAMP,
  `user_id` int(11) DEFAULT NULL
) ENGINE=InnoDB DEFAULT CHARSET=utf8;

--
-- Dumping data for table `post`
--

INSERT INTO `post` (`id`, `title`, `description`, `date_time`, `user_id`) VALUES
(1, 'display_startup_errors boolean', ' Tells whether script error messages should be logged to the server''s error log or error_log. This option is thus server-specific.', '2016-05-21 04:52:29', 7),
(2, 'Md. Omour Faruk', 'This message has been E_STRICT for PHP ', '2016-05-21 04:52:29', 3),
(14, 'Never use rm, instead use trash', '  Those who use command line heavily, they use a command called rm almost everyday. I myself use command line everyday, and I most often use rm for deleting files and folders. Things getting more worse when you chain -rf command with rm. Last week I was working on a project and I accidently run rm -rf command to my project root directory. Then all my codes were gone and it’s not reversible. Thanks to git, I don’t loose all my codes, but the latest uncommited changes.\r\n\r\nAfter that incident, I tried to find some solution. Then I find an awesome tool called trash. It’s a simple node module and you can use it to your project. But I installed it globally so that I can use it anywhere on my machine. It deletes your files and folders just like rm but it put then to trash. So, you can undo the process.\r\n\r\nScreen Shot 2016-03-19 at 9.31.00 AM\r\n\r\nThe installing process is very strait forward. I assume your machine has already node and npm installed. If not, then install them. After that run this command on your terminal\r\n\r\n1\r\nnpm install -g trash-cli\r\nIf it shows an error, try with sudo. Then you are good to go.\r\n\r\nUsing trash is very easy. If you are familiar with rm then you are already known to trash. It uses similar commands. Here is an example\r\n\r\n1\r\ntrash file.txt\r\nYou can do some complicated operation also.\r\n\r\n1\r\ntrash ''*.png'' ''!welcome.png''\r\nThis command will delete all your png files except welcome.png.\r\n\r\nHope you will like it, and never use rm from now on. Peace.', '2016-05-21 04:52:29', NULL),
(15, 'Setting Up Atom Editor for Software Development ?', '  Today I am going to talk about a very important topic, and that is Lint. In computer programming, lint is a Unix utility that flags some suspicious and non-portable constructs (likely to be bugs) in C language source code; generically, lint or a linter is any tool that flags suspicious usage in software written in any computer language.\r\n\r\nAccording to wikipedia\r\n\r\nIn computer programming, lint is a Unix utility that flags some suspicious and non-portable constructs (likely to be bugs) in C language source code; generically, lint or a linter is any tool that flags suspicious usage in software written in any computer language.\r\nThats bookish knowledge, lets make is a little bit easier to understand. Linter will help to prevent various typo and organize your code in various coding standards.\r\n\r\nI am a web application developer and I use php and javascript almost everyday. So, in this episode I am going to show you how to use linter in these languages. First of all you have to install the base package for atom linter. It will give you the base functionality and itï¿½s a bridge for using specific linter package for various language. You can install linter by typing apm install linter or from settingsï¿½ package installer.\r\n\r\nThis linter package supports a lot of different languages. All the supported packages and ducumentation can be found on http://atomlinter.github.io/\r\n\r\nI use only some packages that I use for my day to day job. Let me introduce those one by one.\r\n\r\nAt first lets talk about HTML linter. I use linter-htmlhint package for this. This package is just a bridge between atom and famous htmlhint package. You can install it via apm install linter-htmlhint. It assume you pc has already htmlhint installed. If not then you could install it through npm install htmlhint -g and then give itï¿½s path to htmlhint package settings. I assume your machinealre If you donï¿½t find the path, then type which htmlhint on your terminal and paste the path to the settings.\r\n\r\nAfter that I am going to talk about csslint. Itï¿½s almost the same process, just install it form terminal with apm install linter-csslint and configure it same as previous package.\r\n\r\nYou can install jsonlint and bootlint for linting json and bootstrap code. Install it by typing apm install linter-jsonlint and apm install linter-bootlint. Configuring process is exactly the same.', '2016-05-21 04:52:29', NULL),
(26, 'Adminer, a great tool for accessing databases', '  Most of the web developers specially who used to write code in PHP, including myself using phpmyadmin for a very long time for database management. I myself used this tool for last 6 years or so. But recently I was introduced to a great tool called adminer while facing problem to install phpmyadmin on homestead box.', '2016-05-21 04:52:29', NULL),
(27, 'Adminer, a great tool for accessing databases', '  Most of the web developers specially who used to write code in PHP, including myself using phpmyadmin for a very long time for database management. I myself used this tool for last 6 years or so. But recently I was introduced to a great tool called adminer while facing problem to install phpmyadmin on homestead box.', '2016-05-21 04:52:29', NULL),
(28, '\r\ndown vote\r\nfavorite\r\n1\r\nThis question already has an answer here:\r\nCreating default object from empty value in PHP? 9 answers', 'Note:\r\nEnabling E_NOTICE during development has some benefits. For debugging purposes: NOTICE messages will warn you about possible bugs in your code. For example, use of unassigned values is warned. It is extremely useful to find typos and to save time for debugging. NOTICE messages will warn you about bad style. For example, $arr[item] is better to be written as $arr[''item''] since PHP tries to treat "item" as constant. If it is not a constant, PHP assumes it is a string index for the array.\r\nNote:\r\nIn PHP 5 a new error level E_STRICT is available. Prior to PHP 5.4.0 E_STRICT was not included within E_ALL, so you would have to explicitly enable this kind of error level in PHP < 5.4.0. Enabling E_STRICT during development has some benefits. STRICT messages provide suggestions that can help ensure the best interoperability and forward compatibility of your code. These messages may include things such as calling non-static methods statically, defining properties in a compatible class definition while defined in a used trait, and prior to PHP 5.3 some deprecated features would issue E_STRICT errors such as assigning objects by reference upon instantiation.', '2016-05-21 04:52:29', NULL),
(29, 'Runtime Configuration', '  Note:\r\nEnabling E_NOTICE during development has some benefits. For debugging purposes: NOTICE messages will warn you about possible bugs in your code. For example, use of unassigned values is warned. It is extremely useful to find typos and to save time for debugging. NOTICE messages will warn you about bad style. For example, $arr[item] is better to be written as $arr[''item''] since PHP tries to treat "item" as constant. If it is not a constant, PHP assumes it is a string index for the array.', '2016-05-21 04:52:29', NULL),
(30, 'à¦²à¦¾à¦°à¦¾à¦­à§‡à¦² à¦ªà¦¿à¦à¦‡à¦šà¦ªà¦¿ à¦“à§Ÿà§‡à¦¬ à¦«à§à¦°à§‡à¦®à¦“à§Ÿà¦¾à¦°à§&', '  à¦à¦¬à¦¾à¦° à¦•à¦¥à¦¾ à¦¹à¦šà§à¦›à§‡ à¦•à§‡à¦¨ à¦²à¦¾à¦°à¦¾à¦­à§‡à¦²à§‡à¦° à¦‰à¦ªà¦° à¦¬à¦‡ à¦²à§‡à¦–à¦¾à¦° à¦¸à¦¿à¦¦à§à¦§à¦¾à¦¨à§à¦¤ à¦¨à¦¿à¦²à¦¾à¦®à¥¤ à¦ªà§à¦°à¦¾à§Ÿà¦‡ à¦¶à§à¦¨à¦¤à§‡ à¦¹à§Ÿ à¦¨à§‡à¦Ÿà§‡ à¦²à¦¾à¦°à¦¾à¦­à§‡à¦²à§‡à¦° à¦­à¦¾à¦²à§‹ à¦•à§‹à¦¨ à¦¬à¦¾à¦‚à¦²à¦¾ à¦Ÿà¦¿à¦‰à¦Ÿà§‹à¦°à¦¿à§Ÿà¦¾à¦² à¦¬à¦¾ à¦°à¦¿à¦¸à§‹à¦°à§à¦¸ à¦¨à¦¾à¦‡à¥¤ à¦¯à¦¾ à¦†à¦›à§‡ à¦¸à¦¬à¦‡ à¦‡à¦‚à¦°à§‡à¦œà¦¿à¦¤à§‡à¥¤ à¦à¦›à¦¾à§œà¦¾ à¦•à¦®à¦¿à¦‰à¦¨à¦¿à¦Ÿà¦¿ à¦¥à§‡à¦•à§‡ à¦¸à¦¾à¦°à¦¾à¦œà§€à¦¬à¦¨ à¦¬à¦¿à¦­à¦¿à¦¨à§à¦¨ à¦¸à¦¾à¦¹à¦¾à¦¯à§à¦¯ à¦¸à¦¹à¦¯à§‹à¦—à§€à¦¤à¦¾ à¦¨à¦¿à§Ÿà§‡à¦‡ à¦—à§‡à¦²à¦¾à¦®, à¦•à¦¿à¦¨à§à¦¤à§ à¦‰à¦²à§à¦²à§‡à¦– à¦•à¦°à¦¾à¦° à¦®à¦¤ à¦•à¦¿à¦›à§à¦‡ à¦¦à¦¿à¦¤à§‡ à¦ªà¦¾à¦°à¦¿ à¦¨à¦¿à¥¤ à¦¤à¦¾à¦‡ à¦ à¦¦à¦¾à§Ÿà¦¬à¦¨à§à¦§à¦¤à¦¾ à¦¥à§‡à¦•à§‡à¦‡ à¦²à¦¾à¦°à¦¾à¦­à§‡à¦²à§‡à¦° à¦‰à¦ªà¦° à¦¬à¦‡ à¦²à¦¿à¦–à¦¤à§‡ à¦‰à§Žà¦¸à¦¾à¦¹à¦¿à¦¤ à¦¹à§Ÿà§‡à¦›à¦¿à¥¤\r\n\r\nà¦†à¦®à¦¿ à¦²à¦¾à¦°à¦¾à¦­à§‡à¦² à¦«à§à¦°à§‡à¦®à¦“à§Ÿà¦¾à¦°à§à¦•à§‡ à¦•à¦¾à¦œ à¦•à¦°à¦¿ à¦–à§à¦¬ à¦¬à§‡à¦¶à¦¿ à¦¦à¦¿à¦¨ à¦¹à§Ÿ à¦¨à¦¿à¥¤ à¦²à¦¾à¦°à¦¾à¦­à§‡à¦²à§‡à¦° à¦¬à§Ÿà¦¸à¦“ à¦–à§à¦¬ à¦¬à§‡à¦¶à¦¿ à¦¨à¦¾, à¦®à¦¾à¦¤à§à¦° à¦¬à¦›à¦° à¦šà¦¾à¦°à§‡à¦•à¥¤ à¦†à¦®à¦¾à¦° à¦¸à¦¾à¦¥à§‡ à¦²à¦¾à¦°à¦¾à¦­à§‡à¦²à§‡à¦° à¦ªà¦°à¦¿à¦šà§Ÿ à¦¬à¦›à¦° à¦¦à§à§Ÿà§‡à¦• à¦¹à¦²à§‹, à¦†à¦° à¦¬à¦›à¦° à¦–à¦¾à¦¨à§‡à¦• à¦§à¦°à§‡ à¦ªà§à¦°à¦«à§‡à¦¶à¦¨à¦¾à¦² à¦•à¦¾à¦œà§‡ à¦²à¦¾à¦°à¦¾à¦­à§‡à¦² à¦¬à§à¦¯à¦¬à¦¹à¦¾à¦° à¦•à¦°à¦›à¦¿à¥¤ à¦†à¦®à¦¿ à¦²à¦¾à¦°à¦¾à¦­à§‡à¦² à¦¶à§‡à¦–à¦¾ à¦¶à§à¦°à§ à¦•à¦°à§‡à¦›à¦¿ à¦²à¦¾à¦°à¦¾à¦­à§‡à¦² à§ª.à§¦ à¦¥à§‡à¦•à§‡à¥¤ à¦à¦°à¦ªà¦° à§ª.à§§, à§ª.à§¨ à¦¦à§‡à¦–à¦²à¦¾à¦®à¥¤ à¦¯à¦¦à¦¿à¦“ à¦ªà§à¦°à¦«à§‡à¦¶à¦¨à¦¾à¦²à¦¿ à¦²à¦¾à¦°à¦¾à¦­à§‡à¦² à§ª.à§¨ à¦¦à¦¿à§Ÿà§‡à¦‡ à¦¶à§à¦°à§ à¦•à¦°à§‡à¦›à¦¿à¥¤ à¦à¦°à¦ªà¦°à¦‡ à¦à¦²à§‹ à¦²à¦¾à¦°à¦¾à¦­à§‡à¦² à§«.à§¦, à¦à¦‡ à¦­à¦¾à¦°à§à¦¸à¦¨à§‡ à¦•à¦¿à¦›à§ à¦‰à¦²à§à¦²à§‡à¦–à¦¯à§‹à¦—à§à¦¯ à¦ªà¦°à¦¿à¦¬à¦°à§à¦¤à¦¨ à¦à¦¸à§‡à¦›à§‡ à¦¯à§‡à¦®à¦¨ à¦¨à¦¤à§à¦¨ à¦¸à¦¿à¦®à§à¦«à§‹à¦¨à§€à¦° à¦®à¦¤ à¦¡à¦¿à¦°à§‡à¦•à§à¦Ÿà¦°à¦¿ à¦¸à§à¦Ÿà§à¦°à¦¾à¦•à¦šà¦¾à¦°, à¦¨à¦¤à§à¦¨ à¦«à¦°à¦® à¦­à§à¦¯à¦¾à¦²à¦¿à¦¡à§‡à¦¶à¦¨, à¦«à¦¿à¦²à§à¦Ÿà¦¾à¦°à¦¿à¦‚à§Ÿà§‡à¦° à¦ªà¦°à¦¿à¦¬à¦°à§à¦¤à§‡ à¦®à¦¿à¦¡à¦²à¦“à§Ÿà§à¦¯à¦¾à¦° à¦‡à¦¤à§à¦¯à¦¾à¦¦à¦¿à¥¤ à¦à¦›à¦¾à§œà¦¾à¦“ à¦†à¦®à¦¿ à¦¯à¦¦à¦¿ à¦­à§à¦² à¦•à¦°à§‡ à¦¨à¦¾ à¦¥à¦¾à¦•à¦¿ à¦¤à¦¾à¦¹à¦²à§‡ à¦²à¦¾à¦°à¦¾à¦­à§‡à¦² à§«.à§¦ à¦‡ à¦¹à¦² à¦ªà§à¦°à¦¥à¦® à¦ªà¦¿à¦à¦‡à¦šà¦ªà¦¿ à¦«à§à¦°à§‡à¦®à¦“à§Ÿà¦¾à¦°à§à¦• à¦¯à§‡à¦Ÿà¦¾ à§§à§¦à§¦ à¦­à¦¾à¦— psr-4 à¦•à¦®à§à¦ªà¦¿à¦Ÿà§‡à¦¬à¦²à¥¤ à¦¤à¦¾à¦‡ à¦¶à§à¦°à§ à¦¯à¦–à¦¨ à¦•à¦°à¦¬à§‹ à¦¨à¦¤à§à¦¨à¦Ÿà¦¾ à¦¦à¦¿à§Ÿà§‡ à¦•à¦°à¦¾à¦‡ à¦­à¦¾à¦²à§‹ à¦®à¦¨à§‡ à¦¹à¦²à§‹ à¦†à¦®à¦¾à¦° à¦•à¦¾à¦›à§‡à¥¤\r\n\r\nà¦¬à¦‡à¦Ÿà¦¿ à¦¸à¦®à§à¦ªà¦°à§à¦•à§‡ à¦†à¦ªà¦¨à¦¾à¦¦à§‡à¦° à¦¯à§‡ à¦•à§‹à¦¨ à¦®à¦¤à¦¾à¦®à¦¤ à¦¸à§à¦¬à¦¾à¦¨à¦¨à§à¦¦à§‡ à¦—à§à¦°à¦¹à¦¨ à¦•à¦°à¦¾ à¦¹à¦¬à§‡à¥¤ à¦®à¦¤à¦¾à¦®à¦¤ à¦œà¦¾à¦¨à¦¾à¦¤à§‡ à¦ªà¦¾à¦°à§‡à¦¨ milon521@gmail.com à¦à¦‡ à¦‡à¦®à§‡à¦‡à¦² à¦ à¦¿à¦•à¦¾à¦¨à¦¾à§Ÿà¥¤', '2016-05-21 04:52:29', NULL),
(31, 'Sheikh Jainul Islam Joeen', '  &#2488;&#2476;&#2494;&#2480; &#2476;&#2494;&#2527;&#2507;&#2478;&#2503;&#2463;&#2509;&#2480;&#2495;&#2453; &#2453;&#2480;&#2468;&#2503; &#2453;&#2480;&#2468;&#2503; &#2472;&#2495;&#2460;&#2503;&#2480; &#2476;&#2494;&#2527;&#2507;&#2478;&#2503;&#2463;&#2509;&#2480;&#2495;&#2453; &#2453;&#2480;&#2494; &#2489;&#2482; &#2472;&#2494; &#2447;&#2454;&#2472;&#2507;&#2404;\n&#2536;&#2534; &#2486;&#2503; &#2447;&#2474;&#2509;&#2480;&#2495;&#2482; &#2469;&#2503;&#2453;&#2503; &#2463;&#2503;&#2482;&#2495;&#2463;&#2453;&#2503;&#2480; &#2472;&#2495;&#2527;&#2478;&#2495;&#2468; &#2476;&#2494;&#2489;&#2495;&#2472;&#2496;&#2480; &#2488;&#2494;&#2469;&#2503; &#2438;&#2478;&#2480;&#2494; &#2488;&#2476;&#2494;&#2439; &#2447;&#2453; &#2479;&#2507;&#2455;&#2503; &#2478;&#2494;&#2464;&#2503; - &#2454;&#2494;&#2451;&#2527;&#2494;, &#2456;&#2497;&#2478; &#2476;&#2494;&#2470; &#2470;&#2495;&#2527;&#2503;&#2404; \n&#2471;&#2472;&#2509;&#2479;&#2476;&#2494;&#2470; &#2460;&#2494;&#2472;&#2494;&#2468;&#2503; &#2489;&#2527; &#2438;&#2478;&#2494;&#2470;&#2503;&#2480; &#2476;&#2509;&#2479;&#2476;&#2488;&#2509;&#2469;&#2494;&#2474;&#2472;&#2494; &#2474;&#2480;&#2495;&#2458;&#2494;&#2482;&#2453; &#2455;&#2495;&#2527;&#2494;&#2488; &#2488;&#2509;&#2479;&#2494;&#2480;&#2453;&#2503; &#2437;&#2482;&#2509;&#2474; &#2460;&#2472;&#2476;&#2482; &#2472;&#2495;&#2527;&#2503; &#2437;&#2488;&#2494;&#2471;&#2509;&#2479; &#2488;&#2494;&#2471;&#2472;&#2503; &#2479;&#2503;&#2477;&#2494;&#2476;&#2503; &#2447;&#2455;&#2495;&#2527;&#2503; &#2458;&#2482;&#2503;&#2459;&#2503;&#2472;&#2404;\n&#2476;&#2495;&#2435;&#2470;&#2509;&#2480;&#2435; &#2480;&#2494;&#2468; &#2535;&#2534;.&#2537;&#2534; &#2447;&#2480; &#2438;&#2455;&#2503; &#2476;&#2494;&#2488;&#2494;&#2527; &#2475;&#2495;&#2480;&#2468;&#2503; &#2474;&#2494;&#2480;&#2459;&#2495;&#2472;&#2494; &#2447;&#2439;&#2463;&#2494; &#2479;&#2468;&#2463;&#2494; &#2472;&#2494; &#2488;&#2478;&#2488;&#2509;&#2479;&#2494; &#2468;&#2494;&#2480; &#2458;&#2503;&#2527;&#2503; &#2476;&#2503;&#2486;&#2495; &#2488;&#2478;&#2488;&#2509;&#2479;&#2494;&#2527; &#2438;&#2459;&#2503; &#2438;&#2478;&#2494;&#2480; &#2488;&#2494;&#2478;&#2494;&#2460;&#2495;&#2453; &#2488;&#2478;&#2509;&#2474;&#2480;&#2509;&#2453;&#2404; &#2468;&#2476;&#2503; &#2488;&#2497;&#2472;&#2509;&#2470;&#2480; &#2447;&#2476;&#2434; &#2474;&#2480;&#2495;&#2453;&#2482;&#2509;&#2474;&#2495;&#2468; &#2453;&#2494;&#2460;&#2503;&#2480; &#2437;&#2434;&#2486; &#2489;&#2468;&#2503; &#2474;&#2503;&#2480;&#2503; &#2438;&#2478;&#2495; &#2455;&#2480;&#2509;&#2476;&#2495;&#2468; - &#2438;&#2472;&#2472;&#2509;&#2470;&#2495;&#2468;&#2404;', '2016-05-21 04:52:29', NULL),
(32, 'Algorithms in Java: Parts 1-4, Third Edition\r\n', '  Sedgewick has a real gift for explaining concepts in a way that makes them easy to understand. The use of real programs in page-size (or less) chunks that can be easily understood is a real plus. The figures, programs, and tables are a significant contribution to the learning experience of the reader; they make this book distinctive.-William A. Ward, University of South Alabama\n\nThis edition of Robert Sedgewick''s popular work provides current and comprehensive coverage of important algorithms for Java programmers. Michael Schidlowsky and Sedgewick have developed new Java implementations that both express the methods in a concise and direct manner and provide programmers with the practical means to test them on real applications.\n\nMany new algorithms are presented, and the explanations of each algorithm are much more detailed than in previous editions. A new text design and detailed, innovative figures, with accompanying commentary, greatly enhance the presentation. The third edition retains the successful blend of theory and practice that has made Sedgewick''s work an invaluable resource for more than 400,000 programmers!\n\nThis particular book, Parts 1-4, represents the essential first half of Sedgewick''s complete work. It provides extensive coverage of fundamental data structures and algorithms for sorting, searching, and related applications. Although the substance of the book applies to programming in any language, the implementations by Schidlowsky and Sedgewick also exploit the natural match between Java classes and abstract data type (ADT) implementations.\n', '2016-05-21 04:52:29', NULL),
(33, 'à¦¬à¦¾à¦¬à¦¾à¦° à¦¬à¦¿à§Ÿà§‡à¦¤à§‡ à§© à¦¸à¦¨à§à¦¤à¦¾à¦¨ à¦¬à¦°à¦¯à¦¾à¦¤à§à¦°à§€, à¦•à¦¾à¦¬à¦¿à¦¨à¦¨à¦¾à¦®à¦¾à¦° à¦¸à¦¾à¦•à§à¦·à§€ à¦¹à¦²à§‹ à¦›à§‡à¦²à§‡! ', '  à¦¶à¦°à§€à§Ÿà¦¤à¦ªà§à¦° à¦ªà§Œà¦°à¦¸à¦­à¦¾à¦° à§®à¦¨à¦‚ à¦“à§Ÿà¦¾à¦°à§à¦¡ à¦¸à§à¦¬à¦°à§à¦£à¦˜à§‹à¦· à¦à¦²à¦¾à¦•à¦¾à¦° à¦¬à¦¾à¦¸à¦¿à¦¨à§à¦¦à¦¾ à¦¹à¦¾à¦œà§€ à¦¸à¦¿à¦°à¦¾à¦œ à¦‰à¦¦à§à¦¦à¦¿à¦¨ à¦¶à¦°à§€à¦«à§‡à¦° à¦ªà§à¦¤à§à¦° à¦à¦¸à¦à¦® à¦¸à§‡à¦²à¦¿à¦® à¦®à¦¿à§Ÿà¦¾à¥¤ à¦¶à¦°à§€à§Ÿà¦¤à¦ªà§à¦° à¦œà§‡à¦²à¦¾ à¦ªà§à¦°à¦¶à¦¾à¦¸à¦• à¦•à¦¾à¦°à§à¦¯à¦¾à¦²à§Ÿà§‡ à¦•à¦°à§à¦®à¦°à¦¤ à¦°à§Ÿà§‡à¦›à§‡à¥¤ à¦ªà§Œà¦°à¦¸à¦­à¦¾à¦° à§¬à¦¨à¦‚ à¦“à§Ÿà¦¾à¦°à§à¦¡ à¦•à¦¾à¦—à¦¦à§€ à¦à¦²à¦¾à¦•à¦¾à¦° à¦®à¦°à¦¹à§à¦® à¦†à¦ƒ à¦†à¦œà¦¿à¦œ à¦¶à¦¾à¦¹â€™à¦° à¦®à§‡à§Ÿà§‡ à¦¶à¦¾à¦¹à¦¾à¦¨à¦¾ à¦†à¦•à§à¦¤à¦¾à¦° à¦°à§à¦®à¦¾à¦° à¦¸à¦¾à¦¥à§‡ à§§à§¯à§¯à§¨ à¦¸à¦¨à§‡ à¦¬à¦¿à§Ÿà§‡ à¦¹à§Ÿà¥¤ à¦¦à¦¾à¦®à§à¦ªà¦¤à§à¦¯ à¦œà§€à¦¬à¦¨à§‡ à¦¤à¦¿à¦¨à¦¿ à§¨ à¦ªà§à¦¤à§à¦° à¦“ à§§ à¦•à¦¨à§à¦¯à¦¾ à¦¸à¦¨à§à¦¤à¦¾à¦¨à§‡à¦° à¦œà¦¨à¦•à¥¤ à¦¬à§à¦¯à¦•à§à¦¤à¦¿à¦—à¦¤ à¦œà§€à¦¬à¦¨à§‡à¦“ à¦¤à¦¿à¦¨à¦¿ à¦¸à§à¦–à§€ à¦›à¦¿à¦²à§‡à¦¨à¥¤ à¦ªà§à¦°à¦¾à§Ÿ à§©à¦®à¦¾à¦¸ à¦ªà§‚à¦°à§à¦¬à§‡ à¦¸à§‡à¦²à¦¿à¦® à¦®à¦¿à§Ÿà¦¾à¦° à¦ªà§à¦°à¦¥à¦® à¦¸à§à¦¤à§à¦°à§€ à¦°à§à¦®à¦¾ à¦ªà¦°à¦²à§‹à¦• à¦—à¦®à¦¨ à¦•à¦°à§‡à¦¨à¥¤ à¦¸à¦¨à§à¦¤à¦¾à¦¨à¦¦à§‡à¦° à¦¸à§à¦– à¦¶à¦¾à¦¨à§à¦¤à¦¿ à¦“ à¦²à§‡à¦–à¦¾-à¦ªà§œà¦¾à¦° à¦•à¦¥à¦¾ à¦šà¦¿à¦¨à§à¦¤à¦¾ à¦•à¦°à§‡ à¦¶à§à¦•à§à¦°à¦¬à¦¾à¦° à¦¸à¦¦à¦° à¦‰à¦ªà¦œà§‡à¦²à¦¾à¦° à¦¬à¦¿à¦¨à§‹à¦¦à¦ªà§à¦° à¦®à§à¦¨à§à¦¸à§€ à¦•à¦¾à¦¨à§à¦¦à¦¿ à¦—à§à¦°à¦¾à¦®à§‡à¦° à¦†à¦ƒ à¦—à¦¨à¦¿ à¦®à§à¦¨à§à¦¸à§€à¦° à¦®à§‡à§Ÿà§‡ à¦®à§‹à¦¸à¦¾à¦ƒ à¦¨à¦¾à¦œà¦®à¦¾ à¦¬à§‡à¦—à¦®à¦•à§‡ à¦¬à¦¿à§Ÿà§‡ à¦•à¦°à§‡à¥¤ à¦¬à¦¿à¦¬à¦¾à¦¹ à¦°à§‡à¦œà¦¿à¦·à§à¦Ÿà§à¦°à¦¿ à¦¬à¦¹à¦¿à¦¤à§‡ à¦ªà§à¦¤à§à¦° à¦¶à¦¾à¦–à¦¾à¦“à§Ÿà¦¾à§Ž à¦¹à§‹à¦¸à§‡à¦¨ à¦°à¦¬à¦¿à¦¨ à¦¸à¦¾à¦•à§à¦·à§€ à¦¹à¦¨à¥¤ à¦ à¦¸à¦®à§Ÿ à¦®à§‡à§Ÿà§‡ à¦ªà§à¦°à¦­à¦¾ à¦“ à¦…à¦ªà¦° à¦›à§‡à¦²à§‡ à¦¤à§‹à¦¹à¦¾ à¦‰à¦ªà¦¸à§à¦¥à¦¿à¦¤ à¦›à¦¿à¦²à§‡à¦¨à¥¤\r\n\r\nà¦¬à¦° à¦¯à¦¾à¦¤à§à¦°à§€ à¦¹à¦¿à¦¸à§‡à¦¬à§‡ à§¨à§¦ à¦œà¦¨ à¦•à¦¨à§‡à¦° à¦¬à¦¾à§œà¦¿à¦¤à§‡ à¦¶à§à¦•à§à¦°à¦¬à¦¾à¦° à¦¦à§à¦ªà§à¦°à§‡ à¦®à¦§à§à¦¯à¦¾à¦¹à§à¦¨ à¦­à§‹à¦œ à¦•à¦°à§‡à¥¤ à¦†à¦¸à¦°à§‡à¦° à¦ªà¦°à§‡ à¦¬à¦¿à¦¬à¦¾à¦¹ à¦°à§‡à¦œà¦¿à¦·à§à¦Ÿà§à¦°à¦¿ à¦“ à¦¶à¦°à§€à§Ÿà¦¾à¦¹ à¦®à§‹à¦¤à¦¾à¦¬à§‡à¦• à¦†à¦¨à§à¦·à§à¦ à¦¾à¦¨à¦¿à¦•à¦¤à¦¾ à¦¶à§‡à¦· à¦¹à§Ÿà§‡à¦›à§‡à¥¤ à¦¬à¦¿à¦¬à¦¾à¦¹ à¦°à§‡à¦œà¦¿à¦·à§à¦Ÿà§à¦°à¦¿ à¦¸à¦®à§à¦ªà¦¨à§à¦¨ à¦•à¦°à§‡à¦¨ à¦•à¦¾à¦œà§€ à¦®à¦¾à¦“à¦²à¦¾à¦¨à¦¾ à¦¶à¦¾à¦¹ à¦¸à§‡à¦•à¦¾à¦¨à§à¦¦à¦¾à¦° à¦®à§‹à¦²à§à¦¯à¦¾à¥¤\r\n\r\nà¦…à¦¨à§à¦·à§à¦ à¦¾à¦¨à§‡ à¦‰à¦ªà¦¸à§à¦¥à¦¿à¦¤ à¦›à¦¿à¦²à§‡à¦¨ à¦¬à¦°à§‡à¦° à¦ªà¦•à§à¦·à§‡ à¦¬à§œ à¦­à¦¾à¦‡ à¦°à¦®à¦¿à¦œ à¦‰à¦¦à§à¦¦à¦¿à¦¨ à¦¶à¦°à§€à¦«, à¦†à¦¬à§à¦¦à§à¦² à¦œà¦¬à§à¦¬à¦¾à¦° à¦¶à¦°à§€à¦«, à¦›à§‹à¦Ÿ à¦­à¦¾à¦‡ à¦¤à§‹à¦¤à¦¾ à¦®à¦¿à§Ÿà¦¾ à¦¶à¦°à§€à¦«, à¦†à¦•à§à¦¤à¦¾à¦° à¦¹à§‹à¦¸à¦¾à¦‡à¦¨ à¦¶à¦°à§€à¦«, à¦“à¦¸à¦¿à¦® à¦¶à¦°à§€à¦«, à¦­à¦¾à¦¤à¦¿à¦œà¦¾ à¦¸à¦¾à¦‚à¦¬à¦¾à¦¦à¦¿à¦• à¦–à§‹à¦°à¦¶à§‡à¦¦ à¦†à¦²à¦® à¦¬à¦¾à¦¬à§à¦², à¦°à¦¾à¦œà¦¿à¦¬ à¦¶à¦°à§€à¦«, à¦ªà§à¦¤à§à¦° à¦¶à¦¾à¦–à¦¾à¦“à§Ÿà¦¾à¦¤ à¦¹à§‹à¦¸à§‡à¦¨ à¦°à¦¬à¦¿à¦¨, à¦¤à§‹à¦¹à¦¾, à¦•à¦¨à§à¦¯à¦¾ à¦ªà§à¦°à¦­à¦¾ à¦¸à¦¹ à¦¨à¦¿à¦•à¦Ÿà¦¾à¦¤à§à¦®à§€à§Ÿà¦—à¦£à¥¤\r\n\r\nà¦ªà§à¦°à¦¤à¦¿à¦¬à§‡à¦¶à§€à¦¦à§‡à¦° à¦®à¦¨à§à¦¤à¦¬à§à¦¯, à¦à¦¸à¦à¦® à¦¸à§‡à¦²à¦¿à¦® à¦®à¦¿à§Ÿà¦¾ à¦ªà¦¾à¦°à¦¿à¦¬à¦¾à¦°à¦¿à¦• à¦­à¦¾à¦¬à§‡ à¦¸à§à¦–à§€ à¦›à¦¿à¦²à¥¤ à¦¶à¦¾à¦¹à¦¾à¦¨à¦¾ à¦†à¦•à§à¦¤à¦¾à¦° à¦°à§à¦®à¦¾à¦“ à¦›à¦¿à¦² à¦–à§à¦¬ à¦¨à¦°à¦® à¦ªà§à¦°à¦•à§ƒà¦¤à¦¿à¦° à¦à¦–à¦¨ à¦¯à§‡ à¦®à§‡à§Ÿà§‡à¦Ÿà¦¿ à¦¸à§‡à¦²à¦¿à¦®à§‡à¦° à¦˜à¦°à§‡ à¦¬à¦‰ à¦¹à¦¿à¦¸à§‡à¦¬à§‡ à¦à¦¸à§‡ à¦¸à§‡ à¦¯à¦¦à¦¿ à¦°à§à¦®à¦¾à¦° à¦°à§‡à¦–à§‡ à¦¯à¦¾à¦“à§Ÿà¦¾ à¦¸à¦¨à§à¦¤à¦¾à¦¨à¦¦à§‡à¦° à¦®à¦¾à§Ÿà§‡à¦° à¦®à¦®à¦¤à¦¾ à¦¦à¦¿à§Ÿà§‡ à¦­à¦¾à¦²à§‹à¦¬à§‡à¦¸à§‡ à¦†à¦—à¦²à§‡ à¦°à¦¾à¦–à¦¤à§‡ à¦ªà¦¾à¦°à§‡ à¦¤à¦¬à§‡à¦‡ à¦­à¦¾à¦²à§‹à¥¤ à¦¸à§‡ à¦ªà§à¦°à¦¤à§à¦¯à¦¾à¦¶à¦¾ à¦¸à¦¬à¦¾à¦°à¦‡à¥¤ à¦°à¦¬à¦¿à¦¨, à¦ªà§à¦°à¦­à¦¾ à¦†à¦° à¦¤à§‹à¦¹à¦¾à¦“ à¦šà¦¾à§Ÿ à¦¤à¦¾à¦¦à§‡à¦° à¦¨à¦¤à§à¦¨ à¦®à¦¾ à¦¯à§‡à¦¨ à¦¹à§Ÿ à¦–à§à¦¬ à¦•à¦¾à¦›à§‡à¦°, à¦…à¦¨à§‡à¦• à¦®à¦®à¦¤à¦¾à¦°à¥¤\r\n', '2016-05-21 04:52:29', NULL),
(34, 'à¦§à§‡à¦¾à¦¨à¦¿à¦•à§‡ à¦¨à¦¿à§Ÿà§‡ à¦¸à§‡à§—à¦°à¦­à§‡à¦° à¦ªà§à¦°à¦¶à§à¦¨à¦Ÿà¦¾à¦“â€”â€˜à¦†à¦° à¦•à¦¤ à¦¦à¦¿à¦¨?â€™', '  à¦®à¦¹à§‡à¦¨à§à¦¦à§à¦° à¦¸à¦¿à¦‚ à¦§à§‹à¦¨à¦¿à¦•à§‡ à¦à¦‡ à¦ªà§à¦°à¦¶à§à¦¨à¦Ÿà¦¾ à¦¶à§à¦¨à¦¤à§‡ à¦¹à¦šà§à¦›à§‡ à¦¬à§‡à¦¶ à¦…à¦¨à§‡à¦• à¦¦à¦¿à¦¨ à¦§à¦°à§‡à¦‡â€”à¦†à¦° à¦•à¦¤ à¦¦à¦¿à¦¨ à¦¤à¦¿à¦¨à¦¿ à¦–à§‡à¦²à¦¾à¦Ÿà¦¾ à¦šà¦¾à¦²à¦¿à§Ÿà§‡ à¦¯à¦¾à¦¬à§‡à¦¨! à¦§à§‹à¦¨à¦¿ à¦à¦‡ à¦ªà§à¦°à¦¶à§à¦¨à§‡à¦° à¦‰à¦¤à§à¦¤à¦° à¦¦à¦¿à¦¤à§‡ à¦¦à¦¿à¦¤à§‡ à¦°à§€à¦¤à¦¿à¦®à¦¤à§‹ à¦•à§à¦²à¦¾à¦¨à§à¦¤à¥¤ à¦ªà§à¦°à¦¤à¦¿à¦¬à¦¾à¦°à¦‡ à¦¤à¦¿à¦¨à¦¿ à¦¬à¦²à§‡à¦›à§‡à¦¨, à¦¯à¦¤ à¦¦à¦¿à¦¨ à¦¸à¦®à§à¦­à¦¬, à¦¶à¦°à§€à¦°à§‡ à¦¯à¦¤ à¦¦à¦¿à¦¨ à¦¸à¦‡à¦¬à§‡, à¦¸à§€à¦®à¦¿à¦¤ à¦“à¦­à¦¾à¦°à§‡à¦° à¦•à§à¦°à¦¿à¦•à§‡à¦Ÿà¦Ÿà¦¾ à¦–à§‡à¦²à§‡ à¦¯à¦¾à¦¬à§‡à¦¨à¥¤ à¦•à¦¿à¦¨à§à¦¤à§ à¦•à¦¤ à¦¦à¦¿à¦¨? à¦…à¦¨à¦¨à§à¦¤à¦•à¦¾à¦² à¦¤à§‡à¦¾ à¦–à§‡à¦²à¦¤à§‡ à¦ªà¦¾à¦°à¦¬à§‡à¦¨ à¦¨à¦¾à¥¤ à¦§à§‡à¦¾à¦¨à¦¿-à¦ªà¦°à¦¬à¦°à§à¦¤à§€ à¦¸à¦®à§Ÿà§‡à¦° à¦œà¦¨à§à¦¯ à¦­à¦¾à¦°à¦¤ à¦•à¦¿ à¦ªà§à¦°à¦¸à§à¦¤à§à¦¤?\r\n\r\nà¦¸à¦¾à¦¬à§‡à¦• à¦…à¦§à¦¿à¦¨à¦¾à§Ÿà¦• à¦¸à§Œà¦°à¦­ à¦—à¦¾à¦™à§à¦—à§à¦²à§€à¦“ à¦¤à§à¦²à§‡à¦›à§‡à¦¨ à¦ à¦§à¦°à¦¨à§‡à¦°à¦‡ à¦ªà§à¦°à¦¶à§à¦¨à¥¤ à¦¤à¦¿à¦¨à¦¿ à¦…à¦¬à¦¶à§à¦¯ à¦§à§‹à¦¨à¦¿à¦° à¦¦à¦¿à¦•à§‡ à¦ªà§à¦°à¦¶à§à¦¨à¦Ÿà¦¾ à¦›à§à§œà§‡ à¦¦à§‡à¦¨à¦¨à¦¿à¥¤ à¦›à§à§œà§‡ à¦¦à¦¿à§Ÿà§‡à¦›à§‡à¦¨ à¦­à¦¾à¦°à¦¤à§€à§Ÿ à¦¨à¦¿à¦°à§à¦¬à¦¾à¦šà¦•à¦¦à§‡à¦° à¦¦à¦¿à¦•à§‡à¦‡à¥¤ à¦¸à§Œà¦°à¦­à§‡à¦° à¦ªà§à¦°à¦¶à§à¦¨, â€˜à¦šà¦¾à¦° à¦¬à¦›à¦° à¦ªà¦°à¦“ à¦­à¦¾à¦°à¦¤à§€à§Ÿ à¦¦à¦²à§‡à¦° à¦…à¦§à¦¿à¦¨à¦¾à§Ÿà¦• à¦¹à¦¿à¦¸à§‡à¦¬à§‡ à¦¤à¦¾à¦°à¦¾ à¦•à¦¿ à¦§à§‹à¦¨à¦¿à¦•à§‡à¦‡ à¦¦à§‡à¦–à¦›à§‡à¦¨? à¦¤à¦–à¦¨à§‹ à¦à¦‡ à¦§à§‹à¦¨à¦¿à¦‡ à¦­à¦¾à¦°à¦¤à§€à§Ÿ à¦¦à¦²à¦•à§‡ à¦¨à§‡à¦¤à§ƒà¦¤à§à¦¬ à¦¦à§‡à¦¬à§‡à¦¨? à¦¯à¦¦à¦¿ à¦¨à¦¾ à¦¹à§Ÿ, à¦§à§‹à¦¨à¦¿à¦° à¦¬à¦¿à¦•à¦²à§à¦ª à¦¤à§ˆà¦°à¦¿à¦° à¦¬à§à¦¯à¦¾à¦ªà¦¾à¦°à§‡ à¦¤à¦¾à¦°à¦¾ à¦•à§€ à¦•à¦°à¦›à§‡à¦¨?â€™\r\n\r\nà¦§à§‹à¦¨à¦¿à¦° à¦ªà§à¦°à¦¤à¦¿ à¦à¦–à¦¨à§‹ à¦…à¦Ÿà§à¦Ÿ à¦¶à§à¦°à¦¦à§à¦§à¦¾ à¦¸à§Œà¦°à¦­à§‡à¦°, â€˜à¦†à¦®à¦¿ à¦¬à¦²à¦›à¦¿ à¦¨à¦¾ à¦§à§‹à¦¨à¦¿ à¦–à§‡à¦²à¦¾ à¦›à§‡à§œà§‡ à¦¦à¦¿à¦•à¥¤ à¦†à¦®à¦¿ à¦®à¦¨à§‡-à¦ªà§à¦°à¦¾à¦£à§‡à¦‡ à¦šà¦¾à¦‡ à¦§à§‹à¦¨à¦¿ à¦†à¦°à¦“ à¦•à¦¿à¦›à§à¦¦à¦¿à¦¨ à¦¸à§€à¦®à¦¿à¦¤ à¦“à¦­à¦¾à¦°à§‡à¦° à¦•à§à¦°à¦¿à¦•à§‡à¦Ÿà§‡ à¦­à¦¾à¦°à¦¤à§€à§Ÿ à¦¦à¦²à¦•à§‡ à¦¨à§‡à¦¤à§ƒà¦¤à§à¦¬ à¦¦à¦¿à¦•à¥¤ à¦¸à§€à¦®à¦¿à¦¤ à¦“à¦­à¦¾à¦°à§‡à¦° à¦•à§à¦°à¦¿à¦•à§‡à¦Ÿà§‡ à¦à¦–à¦¨à§‹ à¦­à¦¾à¦°à¦¤à§€à§Ÿ à¦¦à¦²à§‡à¦° à¦…à¦¨à§à¦¯à¦¤à¦® à¦—à§à¦°à§à¦¤à§à¦¬à¦ªà§‚à¦°à§à¦£ à¦¸à¦¦à¦¸à§à¦¯ à¦¸à§‡à¥¤ à¦•à¦¿à¦¨à§à¦¤à§ à¦•à¦¤ à¦¦à¦¿à¦¨? à¦§à§‹à¦¨à¦¿à¦° à¦¤à§‹ à¦¬à¦¿à¦•à¦²à§à¦ª à¦¤à§ˆà¦°à¦¿ à¦•à¦°à¦¤à§‡ à¦¹à¦¬à§‡à¥¤ à¦¸à§‡ à¦¨à¦¿à¦¶à§à¦šà§Ÿà¦‡ à¦¸à¦¾à¦°à¦¾ à¦œà§€à¦¬à¦¨ à¦­à¦¾à¦°à¦¤à§€à§Ÿ à¦¦à¦²à§‡ à¦–à§‡à¦²à§‡ à¦¯à¦¾à¦¬à§‡ à¦¨à¦¾!â€™\r\n\r\n\r\nà¦‡à¦¨à§à¦¡à¦¿à§Ÿà¦¾ à¦Ÿà§à¦¡à§‡à¦° à¦¸à¦™à§à¦—à§‡ à¦à¦• à¦†à¦²à¦¾à¦ªà¦šà¦¾à¦°à¦¿à¦¤à¦¾à§Ÿ à¦‰à¦ à§‡ à¦à¦¸à§‡à¦›à§‡ à¦­à¦¬à¦¿à¦·à§à¦¯à§Ž à¦¨à¦¿à§Ÿà§‡ à¦¸à§Œà¦°à¦­à§‡à¦° à¦‰à§Žà¦•à¦£à§à¦ à¦¾, â€˜à¦§à§‹à¦¨à¦¿à¦° à¦…à¦§à¦¿à¦¨à¦¾à§Ÿà¦•à¦¤à§à¦¬ à¦¨à¦¿à§Ÿà§‡ à¦•à§‹à¦¨à§‹ à¦ªà§à¦°à¦¶à§à¦¨ à¦¨à§‡à¦‡à¥¤ à¦¸à§‡ à¦…à¦¸à¦¾à¦§à¦¾à¦°à¦£ à¦à¦• à¦…à¦§à¦¿à¦¨à¦¾à§Ÿà¦•! à¦•à¦¿à¦¨à§à¦¤à§ à§¨à§¦à§§à§¯ à¦¸à¦¾à¦²à§‡ à¦‡à¦‚à¦²à§à¦¯à¦¾à¦¨à§à¦¡ à¦¬à¦¿à¦¶à§à¦¬à¦•à¦¾à¦ªà§‡ à¦­à¦¾à¦°à¦¤à§€à§Ÿ à¦¦à¦²à¦•à§‡ à¦¨à§‡à¦¤à§ƒà¦¤à§à¦¬ à¦¦à§‡à¦“à§Ÿà¦¾à¦° à¦¸à¦¾à¦®à¦°à§à¦¥à§à¦¯ à¦•à§€ à¦§à§‹à¦¨à¦¿à¦° à¦¹à¦¬à§‡à¥¤ à¦¤à¦–à¦¨ à¦•à§€ à¦¹à¦¬à§‡! à¦à¦‡ à¦¬à§à¦¯à¦¾à¦ªà¦¾à¦°à¦Ÿà¦¾ à¦à¦–à¦¨ à¦¥à§‡à¦•à§‡à¦‡ à¦¨à¦¿à¦°à§à¦¬à¦¾à¦šà¦•à¦¦à§‡à¦° à¦­à¦¾à¦¬à¦¾ à¦¶à§à¦°à§ à¦•à¦°à¦¾ à¦‰à¦šà¦¿à¦¤à¥¤â€™', '2016-05-21 04:52:29', NULL),
(36, 'à¦²à¦¾à¦°à¦¾à¦­à§‡à¦² à¦­à§à¦¯à¦¾à¦²à§‡ à¦‡à¦¨à¦¸à§à¦Ÿà¦²à§‡à¦¶à¦¨', '  à¦—à¦¤ à¦ªà¦°à¦¶à§(à§­ à¦®à§‡, à§¨à§¦à§§à§¬) à¦²à¦¾à¦°à¦¾à¦­à§‡à¦²à§‡à¦° à¦¨à¦¤à§à¦¨ à¦¡à§‡à¦­à§‡à¦²à¦ªà¦®à§‡à¦¨à§à¦Ÿ à¦à¦¨à¦­à¦¾à§Ÿà¦°à¦¨à¦®à§‡à¦¨à§à¦Ÿ à¦²à¦¾à¦°à¦¾à¦­à§‡à¦² à¦­à§à¦¯à¦¾à¦²à§‡(Valet) à¦°à¦¿à¦²à¦¿à¦œ à¦¦à§‡à§Ÿà¦¾ à¦¹à§Ÿà§‡à¦›à§‡à¥¤ à¦à¦Ÿà¦¾ à¦®à§à¦¯à¦¾à¦• à¦…à¦ªà¦¾à¦°à§‡à¦Ÿà¦¿à¦‚ à¦¸à¦¿à¦¸à§à¦Ÿà§‡à¦®à§‡à¦° à¦œà¦¨à§à¦¯ à¦à¦•à¦Ÿà¦¾ à¦¸à¦¿à¦®à§à¦ªà¦²à¦¿à¦«à¦¾à§Ÿà§‡à¦¡ à¦¡à§‡à¦­à§‡à¦²à¦ªà¦®à§‡à¦¨à§à¦Ÿ à¦à¦¨à¦­à¦¾à§Ÿà¦°à¦¨à¦®à§‡à¦¨à§à¦Ÿà¥¤ à¦à¦Ÿà¦¾ à¦‡à¦¨à¦¸à§à¦Ÿà¦² à¦à¦¬à¦‚ à¦¬à§à¦¯à¦¬à¦¹à¦¾à¦° à¦•à¦°à¦¾ à¦–à§à¦¬à¦‡ à¦¸à¦¹à¦œà¥¤ à¦†à¦ªà¦¨à¦¿ à¦¶à§à¦§à§à¦®à¦¾à¦¤à§à¦° à¦†à¦ªà¦¨à¦¾à¦° à¦ªà¦¿à¦¸à¦¿à¦¤à§‡ à¦à¦•à¦Ÿà¦¿ à¦ªà§à¦°à¦œà§‡à¦•à§à¦Ÿ à¦‡à¦¨à¦¸à§à¦Ÿà¦² à¦¦à¦¿à¦¬à§‡à¦¨ à¦à¦¬à¦‚ à¦ªà§à¦°à¦œà§‡à¦•à§à¦Ÿà§‡à¦° à¦«à§‡à¦¾à¦²à§à¦¡à¦¾à¦°à§‡à¦° à¦¨à¦¾à¦®à§‡à¦° à¦¸à¦¾à¦¥à§‡ .dev à¦¯à§à¦•à§à¦¤ à¦•à¦°à§‡ à¦¬à§à¦°à¦¾à¦‰à¦œà¦¾à¦°à§‡ à¦¸à§‡à¦Ÿà¦¿ à¦¬à§à¦°à¦¾à¦‰à¦œ à¦•à¦°à¦¤à§‡ à¦ªà¦¾à¦°à¦¬à§‡à¦¨à¥¤ à¦­à§à¦¯à¦¾à¦²à§‡ à¦•à¦¿, à¦à¦Ÿà¦¾ à¦•à¦¿à¦­à¦¾à¦¬à§‡ à¦•à¦¾à¦œ à¦•à¦°à§‡, à¦à¦Ÿà¦¾ à¦¨à¦¿à§Ÿà§‡ à¦à¦¡à¦¾à¦® à¦“à§Ÿà¦¾à¦¦à¦¾à¦¨ à¦à¦•à¦Ÿà¦¿ à¦šà¦®à§Žà¦•à¦¾à¦° à¦­à¦¿à¦¡à¦¿à¦“ à¦¤à§ˆà¦°à¦¿ à¦•à¦°à§‡à¦›à§‡à¦¨à¥¤ à¦¸à§‡à¦Ÿà¦¿ à¦¦à§‡à¦–à§à¦¨à¥¤à¦¯à¦¾à¦°à¦¾ à¦à¦° à¦ªà§‚à¦°à§à¦¬à§‡ à¦²à¦¾à¦°à¦¾à¦­à§‡à¦²à§‡à¦° à¦¹à§‡à¦¾à¦®à¦¸à§à¦Ÿà¦¿à¦¡ à¦¬à§à¦¯à¦¬à¦¹à¦¾à¦° à¦•à¦°à¦¤à§‡à¦¨, à¦¤à¦¾à¦°à¦¾ à¦¨à¦¿à¦¶à§à¦šà§Ÿà¦‡ à¦œà¦¾à¦¨à§‡à¦¨ à¦¸à§‡à¦Ÿà¦¾ à¦¬à§à¦¯à¦¬à¦¹à¦¾à¦°à§‡à¦° à¦œà¦¨à§à¦¯ à¦†à¦ªà¦¨à¦¾à¦•à§‡ à¦…à¦¨à§‡à¦•à¦—à§à¦²à§‡à¦¾ à¦¡à¦¿à¦ªà§‡à¦¨à§à¦¡à§‡à¦¨à§à¦¸à¦¿ à¦‡à¦¨à¦¸à§à¦Ÿà¦² à¦•à¦°à¦¤à§‡ à¦¹à§Ÿà¥¤ à¦¯à§‡à¦®à¦¨- à¦­à¦¾à¦°à§à¦šà§à§Ÿà¦¾à¦² à¦¬à¦•à§à¦¸, à¦­à§à¦¯à¦¾à¦—à¦°à§‡à¦¨à§à¦Ÿ à¦‡à¦¤à§à¦¯à¦¾à¦¦à¦¿à¥¤ à¦à¦—à§à¦²à¦¿ à¦‡à¦¨à¦¸à§à¦Ÿà¦² à¦•à¦°à¦¾à¦° à¦ªà¦° à¦²à¦¾à¦°à¦¾à¦­à§‡à¦²à§‡à¦° à¦¹à§‡à¦¾à¦®à¦¸à§à¦Ÿà¦¿à¦¡ à¦¬à¦•à§à¦¸ à¦‡à¦¨à¦¸à§à¦Ÿà¦² à¦•à¦°à¦¤à§‡ à¦¹à§Ÿà¥¤ à¦à¦‡ à¦«à¦¾à¦‡à¦²à¦—à§à¦²à¦¿ à¦†à¦•à¦¾à¦°à§‡ à¦¬à§‡à¦¶ à¦¬à§œ, à¦ªà§à¦°à¦¾à§Ÿ à¦•à§Ÿà§‡à¦• à¦—à¦¿à¦—à¦¾à¦¬à¦¾à¦‡à¦Ÿà¥¤ à¦¤à¦¾à¦‡ à¦‡à¦¨à¦¸à§à¦Ÿà¦² à¦•à¦°à¦¤à§‡ à¦ªà§à¦°à¦šà§à¦° à¦¸à¦®à§Ÿ à¦²à¦¾à¦—à§‡à¥¤ à¦à¦°à¦ªà¦° à¦ªà§à¦°à¦¤à§à¦¯à§‡à¦•à¦Ÿà¦¾ à¦¸à¦¾à¦‡à¦Ÿ à¦à¦¡ à¦•à¦°à¦¾à¦° à¦¸à¦®à§Ÿ à¦¹à§‡à¦¾à¦®à¦¸à§à¦Ÿà¦¿à¦¡à§‡à¦° yaml à¦«à¦¾à¦‡à¦² à¦à¦¡à¦¿à¦Ÿ à¦•à¦°à¦¤à§‡ à¦¹à§Ÿà¥¤ à¦à¦°à¦ªà¦° à¦¸à§‡à¦Ÿà¦¾ à¦ªà§à¦°à¦­à¦¿à¦¶à¦¨à¦¿à¦‚ à¦•à¦°à§‡ à¦†à¦ªà¦¨à¦¾à¦° à¦®à§‡à¦¶à¦¿à¦¨à§‡à¦° hosts à¦«à¦¾à¦‡à¦² à¦à¦¡à¦¿à¦Ÿ à¦•à¦°à¦¤à§‡ à¦¹à§Ÿà¥¤ à¦¸à§‡ à¦¤à§à¦²à¦¨à¦¾à§Ÿ à¦­à§à¦¯à¦¾à¦²à§‡ à¦‡à¦¨à¦¸à§à¦Ÿà¦² à¦•à¦°à¦¾ à¦–à§à¦¬à¦‡ à¦¸à¦¹à¦œ à¦à¦¬à¦‚ à¦à¦° à¦¸à¦¾à¦‡à¦œà¦“ à¦…à¦¨à§‡à¦• à¦›à§‡à¦¾à¦Ÿà¥¤ à¦à¦Ÿà¦¾ à¦ªà¦¿à¦à¦‡à¦šà¦ªà¦¿à¦° à¦¬à¦¿à¦²à§à¦Ÿ-à¦‡à¦¨ à¦¸à¦¾à¦°à§à¦­à¦¾à¦° à¦¬à§à¦¯à¦¬à¦¹à¦¾à¦° à¦•à¦°à§‡, à¦«à¦²à§‡ à¦à¦Ÿà¦¾ à¦¬à§à¦¯à¦¬à¦¹à¦¾à¦° à¦•à¦°à¦¾à¦° à¦œà¦¨à§à¦¯ à¦†à¦ªà¦¨à¦¾à¦•à§‡ à¦à¦ªà¦¾à¦šà¦¿, à¦à¦¨à¦œà¦¿à¦¨à§‡à¦•à§à¦¸ à¦¬à¦¾ à¦ à¦§à¦°à¦¨à§‡à¦° à¦“à§Ÿà§‡à¦¬ à¦¸à¦¾à¦°à§à¦­à¦¾à¦° à¦¬à§à¦¯à¦¬à¦¹à¦¾à¦° à¦•à¦°à¦¤à§‡ à¦¹à¦¬à§‡ à¦¨à¦¾à¥¤ à¦¶à§à¦§à§à¦®à¦¾à¦¤à§à¦° à¦ªà¦¿à¦à¦‡à¦šà¦ªà¦¿ à¦à¦¬à¦‚ à¦®à¦¾à¦‡à¦¸à¦¿à¦•à§à¦¯à§à§Ÿà§‡à¦² à¦‡à¦¨à¦¸à§à¦Ÿà¦² à¦•à¦°à¦¾ à¦¥à¦¾à¦•à¦²à§‡à¦‡ à¦†à¦ªà¦¨à¦¿ à¦­à§à¦¯à¦¾à¦²à§‡ à¦¬à§à¦¯à¦¬à¦¹à¦¾à¦° à¦•à¦°à¦¤à§‡ à¦ªà¦¾à¦°à¦¬à§‡à¦¨à¥¤ à¦šà¦²à§à¦¨ à¦¦à§‡à¦–à¦¿ à¦à¦•à§‡à¦¬à¦¾à¦°à§‡ à¦¨à¦¤à§à¦¨ à¦à¦•à¦Ÿà¦¿ à¦®à§à¦¯à¦¾à¦• à¦®à§‡à¦¶à¦¿à¦¨à§‡ à¦†à¦ªà¦¨à¦¿ à¦•à¦¿à¦­à¦¾à¦¬à§‡ à¦­à§à¦¯à¦¾à¦²à§‡ à¦‡à¦¨à¦¸à§à¦Ÿà¦² à¦•à¦°à¦¬à§‡à¦¨à¥¤\r\n\r\nà¦ªà§à¦°à¦¥à¦®à§‡à¦‡ à¦†à¦ªà¦¨à¦¾à¦•à§‡ à¦¹à§‡à¦¾à¦®à¦¬à§à¦°à§ à¦‡à¦¨à¦¸à§à¦Ÿà¦² à¦•à¦°à¦¤à§‡ à¦¹à¦¬à§‡à¥¤ à¦à¦Ÿà¦¾ à¦®à§à¦¯à¦¾à¦•à§‡à¦° à¦œà¦¨à§à¦¯ à¦à¦•à¦Ÿà¦¿ à¦ªà§à¦¯à¦¾à¦•à§‡à¦œ à¦®à§à¦¯à¦¾à¦¨à§‡à¦œà¦¾à¦°, à¦¯à¦¾à¦° à¦®à¦¾à¦§à§à¦¯à¦®à§‡ à¦†à¦ªà¦¨à¦¿ à¦¬à¦¿à¦­à¦¿à¦¨à§à¦¨ à¦¡à§‡à¦­à§‡à¦²à¦ªà¦¾à¦° à¦Ÿà§à¦²à¦¸ à¦–à§à¦¬ à¦¸à¦¹à¦œà§‡à¦‡ à¦‡à¦¨à¦¸à§à¦Ÿà¦² à¦•à¦°à¦¤à§‡ à¦ªà¦¾à¦°à¦¬à§‡à¦¨à¥¤ à¦†à¦ªà¦¨à¦¿ à¦¯à§‡à¦¹à§‡à¦¤à§ à¦®à§à¦¯à¦¾à¦• à¦‡à¦‰à¦œà¦¾à¦°, à¦…à¦¬à¦¶à§à¦¯à¦‡ à¦à¦Ÿà¦¾ à¦†à¦ªà¦¨à¦¾à¦° à¦®à§‡à¦¶à¦¿à¦¨à§‡ à¦‡à¦¨à¦¸à§à¦Ÿà¦² à¦¥à¦¾à¦•à¦¾ à¦‰à¦šà¦¿à§Žà¥¤ à¦à¦Ÿà¦¾ à¦‡à¦¨à¦¸à§à¦Ÿà¦² à¦•à¦°à¦¾ à¦–à§à¦¬à¦‡ à¦¸à¦¹à¦œà¥¤ à¦†à¦ªà¦¨à¦¿ à¦¶à§à¦§à§à¦®à¦¾à¦¤à§à¦° à¦¨à¦¿à¦šà§‡à¦° à¦•à¦®à¦¾à¦¨à§à¦¡à¦Ÿà¦¿ à¦Ÿà¦¾à¦°à§à¦®à¦¿à¦¨à¦¾à¦²à§‡ à¦šà¦¾à¦²à¦¾à¦²à§‡à¦‡ à¦¹à¦¬à§‡à¥¤\r\n\r\n1\r\n/usr/bin/ruby -e &quot;$(curl -fsSL https://raw.githubusercontent.com/Homebrew/install/master/install)&quot;\r\nà¦à¦°à¦ªà¦° à¦à¦° à¦®à¦¾à¦§à§à¦¯à¦®à§‡ à¦ªà¦¿à¦à¦‡à¦šà¦ªà¦¿ à¦‡à¦¨à¦¸à§à¦Ÿà¦² à¦•à¦°à¦¤à§‡ à¦¹à¦¬à§‡à¥¤ à¦à¦Ÿà¦¾ à¦•à¦°à¦¤à§‡ à¦¨à¦¿à¦šà§‡à¦° à¦•à¦®à¦¾à¦¨à§à¦¡à¦Ÿà¦¿ à¦°à¦¾à¦¨ à¦•à¦°à§à¦¨-\r\n\r\n1\r\n2\r\n3\r\n4\r\nbrew tap homebrew/dupes\r\nbrew tap homebrew/versions\r\nbrew tap homebrew/homebrew-php\r\nbrew install php70\r\nà¦¯à§‡à¦¹à§‡à¦¤à§ à¦†à¦ªà¦¨à¦¿ à¦®à§à¦¯à¦¾à¦• à¦…à¦ªà¦¾à¦°à§‡à¦Ÿà¦¿à¦‚ à¦¸à¦¿à¦¸à§à¦Ÿà§‡à¦® à¦¬à§à¦¯à¦¬à¦¹à¦¾à¦° à¦•à¦°à¦›à§‡à¦¨ à¦à¦Ÿà¦¿à¦¤à§‡ à¦‡à¦¤à§‡à¦¾à¦®à¦§à§à¦¯à§‡ à¦à¦•à¦Ÿà¦¿ à¦ªà¦¿à¦à¦‡à¦šà¦ªà¦¿ à¦­à¦¾à¦°à§à¦¸à¦¨ à¦‡à¦¨à¦¸à§à¦Ÿà¦² à¦•à¦°à¦¾ à¦¥à¦¾à¦•à§‡à¥¤ à¦‰à¦ªà¦°à§‡à¦° à¦•à¦®à¦¾à¦¨à§à¦¡à§‡à¦° à¦®à¦¾à¦§à§à¦¯à¦®à§‡ à¦†à¦ªà¦¨à¦¿ à¦ªà¦¿à¦à¦‡à¦šà¦ªà¦¿à¦° à¦²à§‡à¦Ÿà§‡à¦¸à§à¦Ÿ à¦­à¦¾à¦°à§à¦¸à¦¨ à¦ªà¦¿à¦à¦‡à¦šà¦ªà¦¿ à§­ à¦‡à¦¨à¦¸à§à¦Ÿà¦² à¦•à¦°à¦²à¦¾à¦®à¥¤\r\n\r\nà¦à¦¬à¦¾à¦° à¦•à¦®à§à¦ªà§‡à¦¾à¦œà¦¾à¦° à¦‡à¦¨à¦¸à§à¦Ÿà¦² à¦•à¦°à¦¬à§‡à¦¨ à¦¨à¦¿à¦šà§‡à¦° à¦•à¦®à¦¾à¦¨à§à¦¡à§‡à¦° à¦®à¦¾à¦§à§à¦¯à¦®à§‡-\r\n\r\n1\r\nbrew install composer\r\nà¦à¦¬à¦¾à¦°à§‡ à¦®à¦¾à¦‡à¦¸à¦¿à¦•à§à¦¯à§à§Ÿà§‡à¦² à¦‡à¦¨à¦¸à§à¦Ÿà¦² à¦•à¦°à¦¬à§‡à¦¨ à¦¨à¦¿à¦šà§‡à¦° à¦•à¦®à¦¾à¦¨à§à¦¡à§‡à¦° à¦®à¦¾à¦§à§à¦¯à¦®à§‡-\r\n\r\n1\r\nbrew install mysql\r\nà¦®à¦¾à¦‡à¦¸à¦¿à¦•à§à¦¯à§à§Ÿà§‡à¦² à¦¸à¦¾à¦°à§à¦­à¦¾à¦° à¦¸à§à¦Ÿà¦¾à¦°à§à¦Ÿ à¦•à¦°à¦¤à§‡ à¦¨à¦¿à¦šà§‡à¦° à¦•à¦®à¦¾à¦¨à§à¦¡à¦Ÿà¦¿ à¦¦à¦¿à¦¤à§‡ à¦ªà¦¾à¦°à§‡à¦¨-\r\n\r\n1\r\nmysql.server start\r\nà¦®à¦¾à¦‡à¦¸à¦¿à¦•à§à¦¯à§à§Ÿà§‡à¦²à§‡à¦° à¦¯à§‡ à¦‡à¦¨à¦¸à§à¦Ÿà§à¦¯à¦¾à¦¨à§à¦¸à¦Ÿà¦¿ à¦‡à¦¨à¦¸à§à¦Ÿà¦² à¦¹à§Ÿà§‡à¦›à§‡ à¦¸à§‡à¦Ÿà¦¾à¦° à¦‡à¦‰à¦œà¦¾à¦°à¦¨à§‡à¦® root à¦à¦¬à¦‚ à¦ªà¦¾à¦¸à¦“à§Ÿà¦¾à¦°à§à¦¡ à¦¹à¦¿à¦¸à§‡à¦¬à§‡ à¦†à¦›à§‡ à¦à¦•à¦Ÿà¦¾ à¦à¦®à§à¦ªà¦Ÿà¦¿ à¦¸à§à¦Ÿà§à¦°à¦¿à¦‚à¥¤ à¦†à¦ªà¦¨à¦¿ à¦Ÿà¦¾à¦°à§à¦®à¦¿à¦¨à¦¾à¦² à¦¥à§‡à¦•à§‡ à¦¨à¦¿à¦šà§‡à¦° à¦•à¦®à¦¾à¦¨à§à¦¡à§‡à¦° à¦®à¦¾à¦§à§à¦¯à¦®à§‡ à¦®à¦¾à¦‡à¦¸à¦¿à¦•à§à¦¯à§à§Ÿà§‡à¦² à¦à¦•à§à¦¸à§‡à¦¸ à¦•à¦°à¦¤à§‡ à¦ªà¦¾à¦°à¦¬à§‡à¦¨à¥¤\r\n\r\n1\r\nmysql -uroot\r\nà¦à¦¬à¦¾à¦°à§‡ à¦²à¦¾à¦°à¦¾à¦­à§‡à¦² à¦­à§à¦¯à¦¾à¦²à§‡ à¦‡à¦¨à¦¸à§à¦Ÿà¦² à¦•à¦°à¦¾à¦° à¦ªà¦¾à¦²à¦¾à¥¤ à¦à¦° à¦œà¦¨à§à¦¯ à¦Ÿà¦¾à¦°à§à¦®à¦¿à¦¨à¦¾à¦²à§‡ à¦¨à¦¿à¦šà§‡à¦° à¦•à¦®à¦¾à¦¨à§à¦¡à¦Ÿà¦¿ à¦¦à¦¿à¦¨-\r\n\r\n1\r\ncomposer global require laravel/valet\r\nà¦‡à¦¨à¦¸à§à¦Ÿà¦² à¦¹à§Ÿà§‡ à¦—à§‡à¦²à§‡ à¦ªà§à¦°à¦¥à¦®à§‡ à¦­à§à¦¯à¦¾à¦²à§‡à¦° à¦¬à¦¿à¦­à¦¿à¦¨à§à¦¨ à¦¡à¦¿à¦ªà§‡à¦¨à§à¦¡à§‡à¦¨à§à¦¸à¦¿ à¦‡à¦¨à¦¸à§à¦Ÿà¦² à¦•à¦°à§à¦¨ à¦¨à¦¿à¦šà§‡à¦° à¦•à¦®à¦¾à¦¨à§à¦¡à§‡à¦° à¦®à¦¾à¦§à§à¦¯à¦®à§‡-\r\n\r\n1\r\nvalet install\r\nà¦à¦‡ à¦•à¦®à¦¾à¦¨à§à¦¡à¦Ÿà¦¿ à¦†à¦ªà¦¨à¦¾à¦° à¦®à§‡à¦¶à¦¿à¦¨à§‡à¦° à¦¸à§à¦¡à§‡à¦¾ à¦ªà¦¾à¦¸à¦“à§Ÿà¦¾à¦°à§à¦¡ à¦šà¦¾à¦‡à¦¬à§‡ à¦•à¦¾à¦°à¦¨ à¦à¦Ÿà¦¿ dsnmasq à¦¨à¦¾à¦®à§‡ à¦à¦•à¦Ÿà¦¿ à¦‡à¦‰à¦Ÿà¦¿à¦²à¦¿à¦Ÿà¦¿ à¦†à¦ªà¦¨à¦¾à¦° à¦¸à¦¿à¦¸à§à¦Ÿà§‡à¦®à§‡ à¦‡à¦¨à¦¸à§à¦Ÿà¦² à¦•à¦°à¦¬à§‡à¥¤ à¦à¦Ÿà¦¿ à¦•à¦°à¦¾ à¦¹à§Ÿà§‡ à¦—à§‡à¦²à§‡ à¦†à¦ªà¦¨à¦¿ à¦¯à§‡ à¦«à§‡à¦¾à¦²à§à¦¡à¦¾à¦°à§‡ à¦†à¦ªà¦¨à¦¾à¦° à¦ªà§à¦°à¦œà§‡à¦•à§à¦Ÿà¦—à§à¦²à§‡à¦¾ à¦°à¦¾à¦–à¦¤à§‡ à¦šà¦¾à¦¨, à¦¸à§‡à¦Ÿà¦¿à¦¤à§‡ à¦ªà§à¦°à¦¬à§‡à¦¶ à¦•à¦°à§à¦¨à¥¤ à¦¤à¦¾à¦°à¦ªà¦° à¦¨à¦¿à¦šà§‡à¦° à¦•à¦®à¦¾à¦¨à§à¦¡à¦Ÿà¦¿ à¦¦à¦¿à¦¨à¥¤\r\n\r\n1\r\n2\r\ncd project-folder\r\nvalet park\r\nà¦¬à§à¦¯à¦¸, à¦†à¦ªà¦¨à¦¾à¦° à¦¸à¦¬ à¦•à¦¾à¦œ à¦¶à§‡à¦·à¥¤ à¦§à¦°à§à¦¨ à¦†à¦®à¦°à¦¾ à¦à¦–à¦¨ à¦à¦•à¦Ÿà¦¿ à¦¨à¦¤à§à¦¨ à¦ªà§à¦°à¦œà§‡à¦•à§à¦Ÿ à¦¤à§ˆà¦°à¦¿ à¦•à¦°à¦¬à§‡à¦¾ à¦¬à§à¦²à¦— à¦¨à¦¾à¦®à§‡à¥¤ à¦¤à¦¾à¦¹à¦²à§‡ à¦ªà§à¦°à¦¥à¦®à§‡ à¦à¦‡ à¦¨à¦¾à¦®à§‡ à¦à¦•à¦Ÿà¦¿ à¦²à¦¾à¦°à¦¾à¦­à§‡à¦² à¦ªà§à¦°à¦œà§‡à¦•à§à¦Ÿ à¦¤à§ˆà¦°à¦¿ à¦•à¦°à¦¿à¥¤\r\n\r\n1\r\ncomposer create-project laravel/laravel blog --prefer-dist\r\nà¦à¦¬à¦¾à¦° à¦†à¦®à¦°à¦¾ à¦¬à§à¦°à¦¾à¦‰à¦œà¦¾à¦°à§‡ à¦¯à¦¦à¦¿ blog.dev à¦¬à§à¦°à¦¾à¦‰à¦œ à¦•à¦°à¦¿ à¦¤à¦¾à¦¹à¦²à§‡à¦‡ à¦ªà§à¦°à¦œà§‡à¦•à§à¦Ÿà¦Ÿà¦¿ à¦¦à§‡à¦–à¦¤à§‡ à¦ªà¦¾à¦¬à§‡à¦¾à¥¤\r\n\r\nà¦¶à§à¦§à§ à¦¤à¦¾à¦‡ à¦¨à§Ÿ, à¦†à¦ªà¦¨à¦¿ à¦¯à¦¦à¦¿ à¦à¦–à¦¨ à¦à¦‡ à¦ªà§à¦°à¦œà§‡à¦•à§à¦Ÿà¦Ÿà¦¿ à¦†à¦ªà¦¨à¦¾à¦° à¦•à§‡à¦¾-à¦“à§Ÿà¦¾à¦°à§à¦•à¦¾à¦°à¦¦à§‡à¦° à¦¸à¦¾à¦¥à§‡ à¦¶à§‡à§Ÿà¦¾à¦° à¦•à¦°à¦¤à§‡ à¦šà¦¾à¦¨ à¦¸à§‡à¦Ÿà¦¿à¦“ à¦•à¦°à¦¤à§‡ à¦ªà¦¾à¦°à¦¬à§‡à¦¨ à¦–à§à¦¬ à¦¸à¦¹à¦œà§‡à¥¤ à¦†à¦ªà¦¨à¦¿ à¦¬à§à¦²à¦— à¦ªà§à¦°à¦œà§‡à¦•à§à¦Ÿà§‡à¦° à¦¡à¦¿à¦°à§‡à¦•à§à¦Ÿà¦°à¦¿à¦¤à§‡ à¦ªà§à¦°à¦¬à§‡à¦¶ à¦•à¦°à§à¦¨à¥¤ à¦¤à¦¾à¦°à¦ªà¦° à¦¨à¦¿à¦šà§‡à¦° à¦•à¦®à¦¾à¦¨à§à¦¡à¦Ÿà¦¿ à¦¦à¦¿à¦¨à¥¤\r\n\r\n1\r\n2\r\ncd blog\r\nvalet share\r\nà¦à¦‡ à¦•à¦®à¦¾à¦¨à§à¦¡à§‡à¦° à¦®à¦¾à¦§à§à¦¯à¦®à§‡ à¦†à¦ªà¦¨à¦¿ à¦à¦•à¦Ÿà¦¿ à¦‡à¦‰à¦†à¦°à¦à¦² à¦†à¦ªà¦¨à¦¾à¦° à¦Ÿà¦¾à¦°à§à¦®à¦¿à¦¨à¦¾à¦²à§‡ à¦¦à§‡à¦–à¦¤à§‡ à¦ªà¦¾à¦°à¦¬à§‡à¦¨à¥¤ à¦à¦›à¦¾à§œà¦¾à¦“ à¦¸à§‡à¦Ÿà¦¿ à¦†à¦ªà¦¨à¦¾à¦° à¦•à§à¦²à¦¿à¦ªà¦¬à§‡à¦¾à¦°à§à¦¡à§‡ à¦•à¦ªà¦¿ à¦•à¦°à¦¾ à¦…à¦¬à¦¸à§à¦¥à¦¾à¦¤à§‡à¦“ à¦ªà¦¾à¦¬à§‡à¦¨, à¦¶à§à¦§à§à¦®à¦¾à¦¤à§à¦° à¦ªà§‡à¦¸à§à¦Ÿ à¦•à¦°à¦²à§‡à¦‡ à¦šà¦²à¦¬à§‡à¥¤ à¦•à¦¿ à¦…à¦¸à¦¾à¦§à¦¾à¦°à¦¨!\r\n\r\nà¦­à§à¦¯à¦¾à¦²à§‡ à¦¶à§à¦§à§à¦®à¦¾à¦¤à§à¦° à¦²à¦¾à¦°à¦¾à¦­à§‡à¦²à¦‡ à¦¨à¦¾ à¦†à¦°à§‡à¦¾ à¦…à¦¨à§‡à¦• à¦ªà¦¿à¦à¦‡à¦šà¦ªà¦¿ à¦ªà§à¦°à¦œà§‡à¦•à§à¦Ÿà§‡à¦° à¦¸à¦¾à¦¥à§‡ à¦†à¦‰à¦Ÿ à¦…à¦¬ à¦¦à§à¦¯ à¦¬à¦•à§à¦¸ à¦•à¦¾à¦œ à¦•à¦°à§‡à¥¤ à¦à¦›à¦¾à§œà¦¾ à¦†à¦ªà¦¨à¦¿ à¦šà¦¾à¦‡à¦²à§‡ à¦¨à¦¿à¦œà§‡à¦“ à¦¯à§‡ à¦•à§‡à¦¾à¦¨ à¦ªà§à¦°à¦œà§‡à¦•à§à¦Ÿà§‡à¦° à¦œà¦¨à§à¦¯ à¦­à§à¦¯à¦¾à¦²à§‡ à¦¡à§à¦°à¦¾à¦‡à¦­à¦¾à¦° à¦¤à§ˆà¦°à¦¿ à¦•à¦°à§‡ à¦¨à¦¿à¦¤à§‡ à¦ªà¦¾à¦°à§‡à¦¨, à¦¯à¦¾ à¦†à¦¸à¦²à§‡ à¦–à§à¦¬à¦‡ à¦¸à¦¹à¦œà¥¤ à¦¬à¦¿à¦¸à§à¦¤à¦¾à¦°à¦¿à¦¤ à¦œà¦¾à¦¨à¦¤à§‡ à¦­à§à¦¯à¦¾à¦²à§‡à¦° à¦…à¦«à¦¿à¦¶à¦¿à§Ÿà¦¾à¦² à¦¡à¦•à§à¦®à§‡à¦¨à§à¦Ÿà§‡à¦¶à¦¨ à¦¦à§‡à¦–à¦¤à§‡ à¦ªà¦¾à¦°à§‡à¦¨à¥¤\r\n\r\nà¦†à¦ªà¦¨à¦¿ à¦¨à¦¿à¦¶à§à¦šà§Ÿà¦‡ à¦…à¦¬à¦¾à¦• à¦¹à§Ÿà§‡à¦›à§‡à¦¨, à¦²à¦¾à¦°à¦¾à¦­à§‡à¦² à¦­à§à¦¯à¦¾à¦²à§‡ à¦•à¦¿à¦­à¦¾à¦¬à§‡ à¦à¦¤à¦¸à¦¬ à¦•à¦°à§‡? à¦à¦Ÿà¦¾à¦° à¦•à¦¾à¦°à§à¦¯à¦ªà¦¦à§à¦§à¦¤à¦¿ à¦¸à¦®à§à¦ªà¦°à§à¦•à§‡ à¦¬à¦¿à¦¸à§à¦¤à¦¾à¦°à¦¿à¦¤ à¦œà¦¾à¦¨à¦¤à§‡ à¦à¦–à¦¾à¦¨à§‡ à¦¦à§‡à¦–à¦¤à§‡ à¦ªà¦¾à¦°à§‡à¦¨à¥¤\r\n\r\n', '2016-05-21 04:52:29', NULL),
(37, 'Slain California couple opposed elder sonâ€™s  orientation', '  Although no motive has been released yet behind killing of Bangladeshi couple in San Jose, anonymous sources told NBC that slain parents did not approve of sexual orientation of their elder son who has been arrested in the murder case.\r\n\r\nOn Friday, prosecutors charged 22-year-old Hasib bin Golam Rabbi and his younger brother, 17-year-old Omar Golam Rabbi, each with two counts of homicide for the murder of their parents, reports Washington Post.\r\n\r\nThe deceased Bangladesh-origin couple, Golam Rabbi, 59, and his wife Shamima Rabbi, 57, were found dead on April 24, Sunday, by relatives and friends after the couple was not heard from for days.\r\n\r\nTheir San Jose home was vandalized and covered with cryptic notes. Scrawled all over the walls in black ink were messages including, â€œSorry, my first kill was clumsyâ€ and â€œTake care of your brother, or heâ€™s next.â€\r\n\r\nâ€œGolam and Shamima Rabbi were murdered inside their home by their two sons on Saturday, April 23. Golam was shot more than a dozen times. Shamima was shot once in the head,â€ Deputy District Attorney Matt Braker said in a press conference Friday, Washington Post reports according to KPIX.\r\n\r\nThe two were arrested last Wednesday; Hasib in Tracy, California, and Omar in San Jose, California where heâ€™s been charged as an adult, reports Washington Post.\r\n\r\nHasib allegedly shot Golam, his father more than a dozen times before shooting his mother one time in the head, according to police, reports ABC7 according to Washington Post.\r\n\r\n\r\nAccording to Washington Post, the brothers appeared in court Friday, where they both pleaded not guilty. Hasib wore a yellow jumpsuit, which the Mercury News reported is traditionally worn by inmates in the psychiatric ward.\r\n\r\nAccording to police documents, while the brothers both admitted to being at the scene, they offered conflicting accounts as to what transpired, the San Francisco Chronicle reported.\r\n\r\nHasib allegedly admitted to killing his father in the familyâ€™s garage, but he claims a â€œstrangerâ€ at the house, who he couldnâ€™t identify, commanded him to do so. He then allegedly said he did not kill his mother nor did he witness her being shot, reports Washington Post.\r\n\r\nOmar, on the other hand, said he was home when Hasib killed Golam and that there were no other intruders, the Mercury News reported.\r\n\r\nAfter his brother killed Golam, Omar said he closed the curtains at Hasibâ€™s request, who allegedly proceeded to kill Shamima. Before they left, Omar, again at his brotherâ€™s request, checked the garage door to make sure blood wasnâ€™t seeping out from under it, reports Washington Post.\r\n\r\nAfter both parents were dead, the brothers allegedly drove to the Kraken Con convention â€” an anime convention in Oakland â€” where police say they were seen â€œbehaving normally,â€ according to the Mercury News.\r\n\r\nDocuments also revealed that the cryptic messages written on the homeâ€™s walls were in two different handwriting styles, and the characteristics of one style matched with writing found in Omarâ€™s personal notebooks, suggesting the 17-year-old was responsible for writing some of them, ABC7 reported.\r\n\r\nFollowing the convention, Omar attended classes at Evergreen Valley High School on Monday. He was described by his 16-year-old classmate as being quiet and keeping mostly to himself, according to the Associated Press.\r\n\r\nHasib allegedly stayed with a friend named Matthew Kuch, who told CBS he knew of the murders and housed Hasib out of concerns for his and his familyâ€™s own safety, reports Washington Post.\r\n\r\nNo motive has been released, but anonymous sources told NBC that the parents were at ends with Hasib because they did not approve of his sexual orientation.\r\n\r\nOne of the messages found at the scene read, â€œI canâ€™t be like you telling a lie â€¦ I canâ€™t love someone without telling them.â€\r\n\r\nThe final post Hasib left on his Facebook page before being arrested read, â€œFâ€” yeah to the kids who feel like theyâ€™re dying inside but still gather up the strength to roll out of bed, get dressed and leave the house. You are strong and beautiful and worth so much more than you know,â€ the Mercury News reported. On Thursday, Hasib said from jail, â€œI want everyone to know what happened, but I canâ€™t say anything without a lawyer.â€\r\n\r\nHe added that his brother was innocent.\r\n\r\nAlso on Friday, hundreds of worshippers gathered at the Muslim Community Association center in Santa Clara to pray for the couple, the Mercury News reported. A guest speaker named Shaykh Yaser Birjas told the crowd that â€œforgiveness is the most powerful thing you have.â€\r\n\r\nSource: Washington Post', '2016-05-21 04:52:29', NULL),
(39, 'Pir hacked to death in Rajshahi', '  The victim, Shahidullah, 65, was found dead with gashes on the right shoulder and a slit throat in a mango orchard, our Rajshahi correspondent reports quoting police.\r\n\r\nPolice recovered the body after being informed by locals around 10:00pm last night, Abdur Razzak, officer-in-charge of Tanor Police Station, said. â€œIt seems he was hacked first and then slaughtered.â€\r\n\r\nThis killing is the latest in the spate of grisly murders that has been haunting the north since last year. Recently, a Rajshahi University professor was murdered in similar fashion in the district.\r\nSon of the victim, Russel Ahmed, sued anonymous people in a case filed with Tanor Police Station. He said his father was a follower of â€œTorika Ponthiâ€ (a particular spiritual path) and might have had enmity with followers of other path.Police did not comment on the motive or the fashion of the murder immediately.\r\n\r\nThe northern division has been plagued by at least 14 untoward incidents for the past seven months that relate to militancy and resulted in death of at least six people including a foreigner.', '2016-05-21 04:52:29', NULL),
(40, 'à¦®à§à¦®à¦¿à¦¨à§à¦²à§‡à¦° à¦¶à¦¤à¦•à§‡à¦° à¦ªà¦° à¦šà¦¤à§à¦°à¦™à§à¦—à¦¾à¦° à§« à¦‰à¦‡à¦•à§‡à¦Ÿ', '  à¦²à¦•à§à¦·à§à¦¯ à¦¤à¦¾à§œà¦¾ à¦•à¦°à¦¤à§‡ à¦¨à§‡à¦®à§‡ à¦¶à§à¦°à§à¦¤à§‡à¦‡ à¦°à¦¨à¦¿ à¦¤à¦¾à¦²à§à¦•à¦¦à¦¾à¦°à¦•à§‡ à¦¹à¦¾à¦°à¦¾à§Ÿ à¦¦à§‹à¦²à§‡à¦¶à§à¦¬à¦°à¥¤ à¦‡à¦®à¦¤à¦¿à§Ÿà¦¾à¦œ à¦†à¦¹à¦®à§‡à¦¦à§‡à¦° à¦¸à¦™à§à¦—à§‡ à¦°à¦•à¦¿à¦¬à§à¦² à¦¹à¦¾à¦¸à¦¾à¦¨à§‡à¦° à§®à§© à¦°à¦¾à¦¨à§‡à¦° à¦œà§à¦Ÿà¦¿à¦¤à§‡ à¦ªà§à¦°à¦¤à¦¿à¦°à§‹à¦§ à¦—à§œà§‡ à¦¦à¦²à¦Ÿà¦¿à¥¤ à¦¨à¦¾à¦¸à¦¿à¦° à¦¹à§‹à¦¸à§‡à¦¨à§‡à¦° à¦¸à¦™à§à¦—à§‡ à¦°à¦•à¦¿à¦¬à§à¦²à§‡à¦° à§¬à§® à¦°à¦¾à¦¨à§‡à¦° à¦†à¦°à§‡à¦•à¦Ÿà¦¿ à¦­à¦¾à¦²à§‹ à¦œà§à¦Ÿà¦¿ à¦•à¦•à§à¦·à¦ªà¦¥à§‡à¦‡ à¦°à¦¾à¦–à§‡ à¦¦à¦²à¦•à§‡à¥¤\r\n\r\nà¦à¦• à¦¸à¦®à§Ÿà§‡ à¦¦à§‹à¦²à§‡à¦¶à§à¦¬à¦°à§‡à¦° à¦¸à§à¦•à§‹à¦° à¦›à¦¿à¦² à§© à¦‰à¦‡à¦•à§‡à¦Ÿà§‡ à§§à§¬à§§ à¦°à¦¾à¦¨à¥¤ à¦¸à¦°à§à¦¬à§‹à¦šà§à¦š à§­à§© à¦°à¦¾à¦¨ à¦•à¦°à§‡ à¦°à¦•à¦¿à¦¬à§à¦² à¦°à¦¾à¦¨ à¦†à¦‰à¦Ÿ à¦¹à§Ÿà§‡ à¦«à¦¿à¦°à§‡ à¦—à§‡à¦²à§‡ à¦›à§‹à¦Ÿà¦–à¦¾à¦Ÿà§‹ à¦§à¦¸ à¦¨à¦¾à¦®à§‡ à¦¤à¦¾à¦¦à§‡à¦° à¦‡à¦¨à¦¿à¦‚à¦¸à¥¤ à§® à¦°à¦¾à¦¨ à¦¯à§‹à¦— à¦•à¦°à¦¤à§‡à¦‡ à¦œà¦¿à§Ÿà¦¾à¦‰à¦° à¦°à¦¹à¦®à¦¾à¦¨, à¦°à¦¬à¦¿à¦‰à¦² à¦‡à¦¸à¦²à¦¾à¦® à¦°à¦¬à¦¿ à¦“ à¦¨à¦¾à¦¸à¦¿à¦°à¦“ à¦¬à¦¿à¦¦à¦¾à§Ÿ à¦¨à§‡à¦¨à¥¤\r\n\r\nà§§à§¬à§¯ à¦°à¦¾à¦¨à§‡ à§­ à¦‰à¦‡à¦•à§‡à¦Ÿ à¦¹à¦¾à¦°à¦¿à§Ÿà§‡ à¦«à§‡à¦²à¦¾ à¦¦à§‹à¦²à§‡à¦¶à§à¦¬à¦° à¦†à¦° à¦®à§à¦¯à¦¾à¦šà§‡ à¦«à¦¿à¦°à¦¤à§‡ à¦ªà¦¾à¦°à¦¿à¦¨à¦¿à¥¤\r\n\r\nà§©à§¬ à¦°à¦¾à¦¨à§‡ à¦‡à¦®à¦¤à¦¿à§Ÿà¦¾à¦œ, à¦šà¦¾à¦®à¦¾à¦°à¦¾ à¦¸à¦¿à¦²à¦­à¦¾, à¦«à¦°à¦¹à¦¾à¦¦ à¦°à§‡à¦œà¦¾, à¦¸à¦¾à¦¨à¦œà¦¾à¦®à§à¦² à¦‡à¦¸à¦²à¦¾à¦® à¦“ à¦°à¦¾à¦¹à¦¾à¦¤à§à¦² à¦«à§‡à¦°à¦¦à§Œà¦¸à§‡à¦° à¦‰à¦‡à¦•à§‡à¦Ÿ à¦¨à§‡à¦¨ à¦šà¦¤à§à¦°à¦™à§à¦—à¦¾à¥¤ à¦²à¦¿à¦—à§‡ à¦¦à§à¦¬à¦¿à¦¤à§€à§Ÿà¦¬à¦¾à¦°à§‡à¦° à¦®à¦¤à§‹ à¦ªà¦¾à¦à¦š à¦‰à¦‡à¦•à§‡à¦Ÿ à¦ªà§‡à¦²à§‡à¦¨ à¦¶à§à¦°à§€à¦²à¦™à§à¦•à¦¾à¦° à¦à¦‡ à¦¬à¦¾à¦à¦¹à¦¾à¦¤à¦¿ à¦¸à§à¦ªà¦¿à¦¨à¦¾à¦°à¥¤ à¦†à¦¬à¦¾à¦¹à¦¨à§€ à¦¬à¦¿à¦ªà¦•à§à¦·à§‡ à¦†à¦—à§‡à¦° à¦®à§à¦¯à¦¾à¦šà§‡à¦‡ à§©à§« à¦°à¦¾à¦¨à§‡ à§¬ à¦‰à¦‡à¦•à§‡à¦Ÿ à¦¨à¦¿à§Ÿà§‡à¦›à¦¿à¦²à§‡à¦¨ à¦¤à¦¿à¦¨à¦¿à¥¤\r\n\r\nà¦à¦° à¦†à¦—à§‡ à¦¬à§à¦¯à¦¾à¦Ÿ à¦•à¦°à¦¤à§‡ à¦¨à§‡à¦®à§‡ à¦¶à§à¦°à§à¦Ÿà¦¾ à¦­à¦¾à¦²à§‹ à¦¹à§Ÿà¦¨à¦¿ à¦­à¦¿à¦•à§à¦Ÿà§‹à¦°à¦¿à§Ÿà¦¾à¦°à¥¤ à¦¦à§à¦¬à¦¿à¦¤à§€à§Ÿ à¦“à¦­à¦¾à¦°à§‡à¦‡ à¦«à¦œà¦²à§‡ à¦®à¦¾à¦¹à¦®à§à¦¦ à¦°à¦¾à¦¬à§à¦¬à¦¿à¦•à§‡ à¦¹à¦¾à¦°à¦¾à§Ÿ à¦¤à¦¾à¦°à¦¾à¥¤ à¦¤à¦¬à§‡ à¦¤à¦¾à¦° à¦•à§‹à¦¨à§‹ à¦ªà§à¦°à¦­à¦¾à¦¬ à¦¦à¦²à§‡à¦° à¦“à¦ªà¦° à¦ªà§œà¦¤à§‡ à¦¦à§‡à¦¨à¦¨à¦¿ à¦®à§à¦®à¦¿à¦¨à§à¦² à¦“ à¦†à¦¬à§à¦¦à§à¦² à¦®à¦œà¦¿à¦¦à¥¤\r\n\r\nà¦¦à§à¦¬à¦¿à¦¤à§€à§Ÿ à¦‰à¦‡à¦•à§‡à¦Ÿà§‡ à¦®à¦œà¦¿à¦¦à§‡à¦° à¦¸à¦™à§à¦—à§‡ à§§à§¬à§¨ à¦°à¦¾à¦¨à§‡à¦° à¦œà§à¦Ÿà¦¿à¦¤à§‡ à¦¦à¦²à¦•à§‡ à¦¬à§œ à¦¸à¦‚à¦—à§à¦°à¦¹à§‡à¦° à¦­à¦¿à¦¤ à¦—à§œà§‡ à¦¦à§‡à¦¨ à¦ªà§à¦°à¦¾à§Ÿ à¦¤à¦¿à¦¨ à¦¬à¦›à¦° à¦ªà¦° à¦¶à¦¤à¦• à¦ªà¦¾à¦“à§Ÿà¦¾ à¦®à§à¦®à¦¿à¦¨à§à¦²à¥¤ à¦†à¦² à¦†à¦®à¦¿à¦¨ à¦¹à§‹à¦¸à§‡à¦¨à§‡à¦° à¦¬à¦²à§‡ à¦¸à¦¾à¦¨à¦œà¦¾à¦®à§à¦²à¦•à§‡ à¦•à§à¦¯à¦¾à¦š à¦¦à¦¿à§Ÿà§‡ à¦«à§‡à¦°à¦¾à¦° à¦†à¦—à§‡ à§§à§¦à§ª à¦°à¦¾à¦¨ à¦•à¦°à§‡à¦¨ à¦¤à¦¿à¦¨à¦¿à¥¤ à¦®à§à¦¯à¦¾à¦š à¦¸à§‡à¦°à¦¾ à¦®à§à¦®à¦¿à¦¨à§à¦²à§‡à¦° à§§à§¦à§ª à¦¬à¦²à§‡à¦° à¦‡à¦¨à¦¿à¦‚à¦¸à¦Ÿà¦¿ à§§à§¨à¦Ÿà¦¿ à¦šà¦¾à¦° à¦“ à¦¦à§à¦Ÿà¦¿ à¦›à¦•à§à¦•à¦¾ à¦¸à¦®à§ƒà¦¦à§à¦§à¥¤\r\n\r\nà¦¤à§ƒà¦¤à§€à§Ÿ à¦‰à¦‡à¦•à§‡à¦Ÿà§‡ à¦†à¦² à¦†à¦®à¦¿à¦¨ à¦œà§à¦¨à¦¿à§Ÿà¦°à§‡à¦° à¦¸à¦™à§à¦—à§‡ à§®à§ª à¦°à¦¾à¦¨à§‡à¦° à¦†à¦°à§‡à¦•à¦Ÿà¦¿ à¦­à¦¾à¦²à§‹ à¦œà§à¦Ÿà¦¿ à¦‰à¦ªà¦¹à¦¾à¦° à¦¦à§‡à¦¨ à¦®à¦œà¦¿à¦¦à¥¤ à¦¦à¦²à¦•à§‡ à¦­à¦¾à¦²à§‹ à¦…à¦¬à¦¸à§à¦¥à¦¾à¦¨à§‡ à¦ªà§Œà¦à¦›à§‡ à¦¦à§‡à¦“à§Ÿà¦¾ à¦à¦‡ à¦‰à¦¦à§à¦¬à§‹à¦§à¦¨à§€ à¦¬à§à¦¯à¦¾à¦Ÿà¦¸à¦®à§à¦¯à¦¾à¦¨à¦•à§‡ à¦«à¦¿à¦°à¦¤à§‡ à¦¹à§Ÿ à¦®à¦¾à¦¤à§à¦° à§¬ à¦°à¦¾à¦¨à§‡à¦° à¦œà¦¨à§à¦¯ à¦¶à¦¤à¦• à¦¨à¦¾ à¦ªà¦¾à¦“à§Ÿà¦¾à¦° à¦¹à¦¤à¦¾à¦¶à¦¾ à¦¨à¦¿à§Ÿà§‡à¥¤\r\n\r\nà¦†à¦² à¦†à¦®à¦¿à¦¨à§‡à¦° à¦¬à¦²à§‡ à¦¬à§‹à¦²à§à¦¡ à¦¹à¦“à§Ÿà¦¾à¦° à¦†à¦—à§‡ à§¯à§ª à¦°à¦¾à¦¨ à¦•à¦°à§‡à¦¨ à¦®à¦œà¦¿à¦¦à¥¤ à¦¤à¦¾à¦° à§§à§©à§­ à¦¬à¦²à§‡à¦° à¦‡à¦¨à¦¿à¦‚à¦¸à¦Ÿà¦¿ à¦—à§œà¦¾ à§­à¦Ÿà¦¿ à¦šà¦¾à¦° à¦“ à¦à¦•à¦Ÿà¦¿ à¦›à¦•à§à¦•à¦¾à§Ÿà¥¤ à§«à§§ à¦°à¦¾à¦¨à§‡ à¦…à¦ªà¦°à¦¾à¦œà¦¿à¦¤ à¦¥à¦¾à¦•à§‡à¦¨ à¦šà¦²à¦¤à¦¿ à¦†à¦¸à¦°à§‡ à¦¦à¦¾à¦°à§à¦£ à¦¬à§à¦¯à¦¾à¦Ÿà¦¿à¦‚ à¦•à¦°à¦¾ à¦†à¦² à¦†à¦®à¦¿à¦¨à¥¤\r\n\r\nà¦†à¦² à¦†à¦®à¦¿à¦¨ à¦¤à¦¿à¦¨ à¦‰à¦‡à¦•à§‡à¦Ÿ à¦¨à§‡à¦¨ à§«à§­ à¦°à¦¾à¦¨à§‡à¥¤', '2016-05-21 04:52:29', NULL),
(45, 'à¦®à§ƒà¦¤à§à¦¯à§à¦° à¦–à¦¬à¦°à¦Ÿà¦¾ à¦†à¦—à§‡ à¦à¦²à§‹, à¦œà¦¿à¦ªà¦¿à¦-à§« à¦ªà§à¦°à¦¾à¦ªà§à¦¤à¦¿à¦°à¦Ÿà¦¾ à¦ªà¦°à§‡!', '  à¦˜à¦£à§à¦Ÿà¦¾à¦–à¦¾à¦¨à§‡à¦• à¦ªà¦°à§‡ à¦à¦¸à¦à¦¸à¦¸à¦¿ à¦ªà¦°à§€à¦•à§à¦·à¦¾à¦° à¦«à¦² à¦œà¦¾à¦¨à¦¾à¦° à¦•à¦¥à¦¾ à¦›à¦¿à¦² à¦®à¦¿à¦°à¦ªà§à¦°à§‡à¦° à¦†à¦¦à¦°à§à¦¶ à¦‰à¦šà§à¦š à¦¬à¦¿à¦¦à§à¦¯à¦¾à¦²à§Ÿà§‡à¦° à¦›à¦¾à¦¤à§à¦° à¦¬à¦¾à¦¬à§à¦² à¦¸à¦¿à¦•à¦¦à¦¾à¦° à¦¹à§ƒà¦¦à§Ÿà§‡à¦°à¥¤ à¦¤à¦¾à¦° à¦†à¦—à§‡à¦‡ à¦•à§à¦°à¦¿à¦•à§‡à¦Ÿ à¦–à§‡à¦²à¦¾à§Ÿ à¦à¦•à¦Ÿà¦¿ â€˜à¦¨à§‹ à¦¬à¦²à§‡â€™à¦° à¦¦à§à¦¬à¦¨à§à¦¦à§à¦¬à§‡'' à¦¬à¦¨à§à¦§à§à¦° à¦¹à¦¾à¦¤à§‡ à¦ªà§à¦°à¦¾à¦£ à¦—à§‡à¦² à¦à¦‡ à¦•à¦¿à¦¶à§‹à¦°à§‡à¦°à¥¤ - See more at: http://bangla.samakal.net/2016/05/11/211604#sthash.WN1ppaXV.dpufà¦¬à§à¦§à¦¬à¦¾à¦° à¦¸à¦•à¦¾à¦²à§‡ à¦ à¦˜à¦Ÿà¦¨à¦¾ à¦˜à¦Ÿà§‡ à¦®à¦¿à¦°à¦ªà§à¦°à§‡à¦° à¦¬à¦¸à¦¤à¦¿ à¦¹à¦¾à¦‰à¦œà¦¿à¦‚ à¦à¦²à¦¾à¦•à¦¾à§Ÿà¥¤ à¦ªà¦°à§€à¦•à§à¦·à¦¾à¦° à¦«à¦² à¦ªà§à¦°à¦•à¦¾à¦¶ à¦¹à¦²à§‡ à¦œà¦¾à¦¨à¦¾ à¦¯à¦¾à§Ÿ à¦¬à¦¿à¦œà§à¦žà¦¾à¦¨ à¦¬à¦¿à¦­à¦¾à¦— à¦¥à§‡à¦•à§‡ à¦œà¦¿à¦ªà¦¿à¦-à§« à¦ªà§‡à§Ÿà§‡à¦›à§‡ à¦¬à¦¾à¦¬à§à¦²à¥¤ - See more at: http://bangla.samakal.net/2016/05/11/211604#sthash.WN1ppaXV.dpufà¦¬à§à¦§à¦¬à¦¾à¦° à¦¸à¦•à¦¾à¦²à§‡ à¦ à¦˜à¦Ÿà¦¨à¦¾ à¦˜à¦Ÿà§‡ à¦®à¦¿à¦°à¦ªà§à¦°à§‡à¦° à¦¬à¦¸à¦¤à¦¿ à¦¹à¦¾à¦‰à¦œà¦¿à¦‚ à¦à¦²à¦¾à¦•à¦¾à§Ÿà¥¤ à¦ªà¦°à§€à¦•à§à¦·à¦¾à¦° à¦«à¦² à¦ªà§à¦°à¦•à¦¾à¦¶ à¦¹à¦²à§‡ à¦œà¦¾à¦¨à¦¾ à¦¯à¦¾à§Ÿ à¦¬à¦¿à¦œà§à¦žà¦¾à¦¨ à¦¬à¦¿à¦­à¦¾à¦— à¦¥à§‡à¦•à§‡ à¦œà¦¿à¦ªà¦¿à¦-à§« à¦ªà§‡à§Ÿà§‡à¦›à§‡ à¦¬à¦¾à¦¬à§à¦²à¥¤ - See more at: http://bangla.samakal.net/2016/05/11/211604#sthash.WN1ppaXV.dpufà¦¬à§à¦§à¦¬à¦¾à¦° à¦¸à¦•à¦¾à¦²à§‡ à¦ à¦˜à¦Ÿà¦¨à¦¾ à¦˜à¦Ÿà§‡ à¦®à¦¿à¦°à¦ªà§à¦°à§‡à¦° à¦¬à¦¸à¦¤à¦¿ à¦¹à¦¾à¦‰à¦œà¦¿à¦‚ à¦à¦²à¦¾à¦•à¦¾à§Ÿà¥¤ à¦ªà¦°à§€à¦•à§à¦·à¦¾à¦° à¦«à¦² à¦ªà§à¦°à¦•à¦¾à¦¶ à¦¹à¦²à§‡ à¦œà¦¾à¦¨à¦¾ à¦¯à¦¾à§Ÿ à¦¬à¦¿à¦œà§à¦žà¦¾à¦¨ à¦¬à¦¿à¦­à¦¾à¦— à¦¥à§‡à¦•à§‡ à¦œà¦¿à¦ªà¦¿à¦-à§« à¦ªà§‡à§Ÿà§‡à¦›à§‡ à¦¬à¦¾à¦¬à§à¦²à¥¤ - See more at: http://bangla.samakal.net/2016/05/11/211604#sthash.WN1ppaXV.dpufà¦¤à¦¾à¦° à¦˜à¦¾à¦¤à¦• à¦¬à¦¨à§à¦§à§ à¦¬à¦–à¦¾à¦Ÿà§‡ à¦•à¦¿à¦¶à§‹à¦° à¦¬à¦¿à¦§à¦¾à¦¨à¦•à§‡ à¦–à§à¦à¦œà¦›à§‡ à¦ªà§à¦²à¦¿à¦¶à¥¤ à¦¸à§‡ à§§à§¨ à¦¨à¦®à§à¦¬à¦° à¦“à§Ÿà¦¾à¦°à§à¦¡ à¦•à¦¾à¦‰à¦¨à§à¦¸à¦¿à¦²à¦° à¦‡à¦•à¦¬à¦¾à¦² à¦¹à§‹à¦¸à§‡à¦¨ à¦¤à¦¿à¦¤à§à¦° à¦†à¦ªà¦¨ à¦­à¦¾à¦—à§à¦¨à§‡à¥¤ à¦¤à¦¿à¦¤à§à¦° à¦­à¦¾à¦‡ à¦¸à¦¾à¦¬à§‡à¦• à¦›à¦¾à¦¤à§à¦°à¦²à§€à¦— à¦¨à§‡à¦¤à¦¾ à¦²à¦¿à¦Ÿà§ à¦“ à¦²à¦¿à§Ÿà¦¾à¦•à¦¤à¥¤ - See more at: http://bangla.samakal.net/2016/05/11/211604#sthash.WN1ppaXV.dpufà¦²à¦¾à¦•à¦¾à¦¬à¦¾à¦¸à§€ à¦œà¦¾à¦¨à¦¾à§Ÿ, à¦®à¦¾à¦®à¦¾à¦¦à§‡à¦° à¦¦à¦¾à¦ªà¦Ÿà§‡ à¦¦à§€à¦°à§à¦˜à¦¦à¦¿à¦¨ à¦§à¦°à§‡ à¦®à¦¿à¦°à¦ªà§à¦° à¦à¦²à¦¾à¦•à¦¾à§Ÿ à¦¬à§‡à¦ªà¦°à§‹à§Ÿà¦¾ à¦›à¦¿à¦² à¦¬à¦¿à¦§à¦¾à¦¨à¥¤ à¦¸à¦®à§à¦ªà§à¦°à¦¤à¦¿ à¦¤à¦¾à¦•à§‡ à¦ªà§à¦²à¦¿à¦¶ à¦—à§à¦°à§‡à¦«à¦¤à¦¾à¦° à¦•à¦°à¦²à§‡à¦“ à¦®à¦¾à¦®à¦¾à¦°à¦¾ à¦ªà§à¦°à¦­à¦¾à¦¬ à¦–à¦¾à¦Ÿà¦¿à§Ÿà§‡ à¦›à¦¾à§œà¦¿à§Ÿà§‡ à¦¨à§‡à¦¨à¥¤\r\n\r\nà¦¬à§à¦§à¦¬à¦¾à¦°à¦à¦¸à¦à¦¸à¦¸à¦¿ à¦ªà¦°à§€à¦•à§à¦·à¦¾à¦° à¦«à¦² à¦œà¦¾à¦¨à¦¤à§‡ à¦¸à§à¦•à§à¦²à§‡ à¦¯à¦¾à¦“à§Ÿà¦¾à¦° à¦•à¦¥à¦¾ à¦¬à¦²à§‡ à¦¬à¦¾à¦¸à¦¾ à¦¥à§‡à¦•à§‡ à¦¬à§‡à¦° à¦¹à§Ÿà§‡à¦›à¦¿à¦² à¦¬à¦¾à¦¬à§à¦²à¥¤ à¦¨à¦¿à¦œà§‡à¦° à¦«à¦² à¦¨à¦¿à§Ÿà§‡ à¦†à¦° à¦«à¦¿à¦°à¦¤à§‡ à¦ªà¦¾à¦°à§‡à¦¨à¦¿à¥¤ à¦¬à¦¿à¦•à§‡à¦²à§‡à¦° à¦¦à¦¿à¦•à§‡ à¦¬à¦¾à¦¸à¦¾à§Ÿ à¦—à§‡à¦›à§‡ à¦¤à¦¾à¦° à¦¨à¦¿à¦¥à¦° à¦¦à§‡à¦¹à¥¤ à¦ªà¦°à§€à¦•à§à¦·à¦¾à§Ÿ à¦à¦¤ à¦­à¦¾à¦²à§‹ à¦«à¦² à¦•à¦°à¦¾à¦° à¦ªà¦° à¦¯à§‡ à¦ªà¦°à¦¿à¦¬à¦¾à¦°à¦Ÿà¦¿à¦¤à§‡ à¦†à¦¨à¦¨à§à¦¦à§‡à¦° à¦¬à¦¨à§à¦¯à¦¾ à¦¬à§Ÿà§‡ à¦¯à¦¾à¦“à§Ÿà¦¾à¦° à¦•à¦¥à¦¾ à¦¸à§‡à¦–à¦¾à¦¨à§‡ à¦à¦–à¦¨ à¦¬à¦¿à¦·à¦¾à¦¦à§‡à¦° à¦•à¦¾à¦²à§‹ à¦›à¦¾à§Ÿà¦¾à¥¤ à¦¬à¦¾à¦¬à§à¦²à§‡à¦° à¦—à§à¦°à¦¾à¦®à§‡à¦° à¦¬à¦¾à§œà¦¿ à¦«à¦°à¦¿à¦¦à¦ªà§à¦°à§‡à¦° à¦†à¦²à¦«à¦¾à¦¡à¦¾à¦™à§à¦—à¦¾à§Ÿà¥¤\r\n\r\nà¦¸à¦•à¦¾à¦² à¦¸à¦¾à§œà§‡ à§§à§¦à¦Ÿà¦¾à¦° à¦¦à¦¿à¦•à§‡ à¦¬à¦¾à¦¸à¦¾à¦° à¦ªà¦¾à¦¶à§‡ à¦®à¦¿à¦°à¦ªà§à¦°à§‡à¦° à¦¬à§œà¦¬à¦¾à¦—à§‡à¦° à¦¬à¦¸à¦¤à¦¿ à¦¹à¦¾à¦‰à¦œà¦¿à¦‚à§Ÿà§‡à¦° à¦§à¦¾à¦¨à¦•à§à¦·à§‡à¦¤ à¦à¦²à¦¾à¦•à¦¾à¦° à¦–à¦¾à¦²à¦¿ à¦à¦•à¦Ÿà¦¿ à¦ªà§à¦²à¦Ÿà§‡ à¦¬à¦¿à¦§à¦¾à¦¨, à¦¸à§à¦¬à¦¾à¦§à§€à¦¨, à¦¹à§ƒà¦¦à§Ÿ, à¦«à§Ÿà¦¸à¦¾à¦²à¦¸à¦¹ à¦†à¦°à¦“ à¦•à§Ÿà§‡à¦• à¦¬à¦¨à§à¦§à§à¦° à¦¸à¦™à§à¦—à§‡ à¦•à§à¦°à¦¿à¦•à§‡à¦Ÿ à¦–à§‡à¦²à¦›à¦¿à¦² à¦¬à¦¾à¦¬à§à¦²à¥¤ à¦‰à¦‡à¦•à§‡à¦Ÿà§‡à¦° à¦ªà§‡à¦›à¦¨à§‡ à¦•à¦¿à¦ªà¦¾à¦°à§‡à¦° à¦¦à¦¾à§Ÿà¦¿à¦¤à§à¦¬à§‡ à¦›à¦¿à¦² à¦¬à¦¾à¦¬à§à¦²à¥¤ à¦à¦•à¦Ÿà¦¿ à¦¬à¦²à§‡ à¦¬à¦¿à¦§à¦¾à¦¨ à¦†à¦‰à¦Ÿ à¦¹à¦²à§‡ à¦†à¦®à§à¦ªà¦¾à§Ÿà¦¾à¦° â€˜à¦¨à§‹ à¦¬à¦²â€™ à¦¡à¦¾à¦•à§‡à¥¤ à¦ªà¦°à§‡à¦° à¦¬à¦²à§‡ à¦à¦•à¦‡ à¦•à¦¾à§Ÿà¦¦à¦¾à§Ÿ à¦†à¦‰à¦Ÿ à¦¹à§Ÿ à¦¬à¦¿à¦§à¦¾à¦¨à¥¤ à¦¤à¦–à¦¨ à¦¬à¦¾à¦¬à§à¦² à¦®à¦œà¦¾ à¦•à¦°à§‡ à¦¬à¦²à§‡à¦›à¦¿à¦², â€˜à¦à¦¬à¦¾à¦°à¦“ à¦¨à§‹ à¦¬à¦²à¥¤â€™ à¦à¦¤à§‡à¦‡ à¦•à§à¦·à¦¿à¦ªà§à¦¤ à¦¹à§Ÿà§‡ à¦¬à¦¿à¦§à¦¾à¦¨ à¦¬à§à¦¯à¦¾à¦Ÿ à¦¦à¦¿à§Ÿà§‡ à¦¬à¦¾à¦¬à§à¦²à¦•à§‡ à¦ªà§‡à¦Ÿà¦¾à¦¨à§‹ à¦¶à§à¦°à§ à¦•à¦°à§‡à¥¤ à¦…à¦¨à§à¦¯à¦°à¦¾ à¦•à¦¿à¦›à§ à¦¬à§à¦à§‡ à¦“à¦ à¦¾à¦° à¦†à¦—à§‡à¦‡ à¦®à¦¾à¦ à§‡à¦° à¦®à¦§à§à¦¯à§‡ à¦ªà§œà§‡ à¦¯à¦¾à§Ÿ à¦¬à¦¾à¦¬à§à¦²à¥¤ à¦ªà¦¾à¦²à¦¿à§Ÿà§‡ à¦¯à¦¾à§Ÿ à¦¬à¦¿à¦§à¦¾à¦¨à¥¤\r\n\r\nà¦¬à§à¦§à¦¬à¦¾à¦° à¦¢à¦¾à¦•à¦¾ à¦®à§‡à¦¡à¦¿à¦•à§‡à¦² à¦•à¦²à§‡à¦œ à¦®à¦°à§à¦—à§‡à¦° à¦¸à¦¾à¦®à¦¨à§‡ à¦¬à¦¿à¦²à¦¾à¦ª à¦•à¦°à¦›à¦¿à¦²à§‡à¦¨ à¦¬à¦¾à¦¬à§à¦²à§‡à¦° à¦¬à¦¾à¦¬à¦¾ à¦®à§‹à¦¸à§à¦¤à¦«à¦¾ à¦¸à¦¿à¦•à¦¦à¦¾à¦°à¥¤ à¦¤à¦¿à¦¨à¦¿ à¦¸à¦®à¦•à¦¾à¦²à¦•à§‡ à¦¬à¦²à§‡à¦¨, â€˜à¦›à§‡à¦²à§‡à¦Ÿà¦¾à¦°à§‡ à¦ à¦¿à¦•à¦®à¦¤à§‹ à¦ªà§œà¦¾à¦° à¦–à¦°à¦šà¦“ à¦¦à¦¿à¦¤à§‡ à¦ªà¦¾à¦°à¦¿à¦¨à¦¿à¥¤ à¦Ÿà¦¿à¦‰à¦¶à¦¨ à¦«à¦¿ à¦¦à¦¿à¦¤à§‡ à¦ªà¦¾à¦°à¦¿à¦¨à¦¿à¥¤ à¦à¦°à¦ªà¦°à¦“ à¦›à§‡à¦²à§‡à¦Ÿà¦¾ à¦¬à¦²à¦¤, à¦¬à¦¾à¦¬à¦¾ à¦¦à§‡à¦–à¦¬à¦¾ à¦†à¦®à¦¿ à¦œà¦¿à¦ªà¦¿à¦ à§« à¦ªà¦¾à¦¬à¥¤ à¦—à¦°à¦¿à¦¬à§‡à¦° à¦˜à¦°à§‡à¦° à¦†à¦²à§‹ à¦•à§‡à§œà§‡ à¦¨à¦¿à¦² à¦¤à¦¾à¦°à¦¾à¥¤â€™\r\n\r\nà¦›à¦¾à¦¤à§à¦°à§‡à¦° à¦à¦®à¦¨ à¦®à¦°à§à¦®à¦¾à¦¨à§à¦¤à¦¿à¦• à¦®à§ƒà¦¤à§à¦¯à§à¦° à¦–à¦¬à¦°à§‡ à¦¬à¦¾à¦¬à§à¦²à¦¦à§‡à¦° à¦¬à¦¾à¦¸à¦¾à§Ÿ à¦¯à¦¾à¦¨ à¦®à¦¿à¦°à¦ªà§à¦° à¦†à¦¦à¦°à§à¦¶ à¦‰à¦šà§à¦š à¦¬à¦¿à¦¦à§à¦¯à¦¾à¦²à§Ÿà§‡à¦° à¦¶à¦¿à¦•à§à¦·à¦•à¦°à¦¾à¦“à¥¤\r\n\r\nà¦®à¦¿à¦°à¦ªà§à¦° à¦¥à¦¾à¦¨à¦¾à¦° à¦“à¦¸à¦¿ à¦­à§à¦‡à§Ÿà¦¾ à¦®à¦¾à¦¹à¦¬à§à¦¬ à¦¹à¦¾à¦¸à¦¾à¦¨ à¦œà¦¾à¦¨à¦¾à¦¨, à¦¬à¦¾à¦¬à§à¦²à¦•à§‡ à¦ªà§à¦°à¦¥à¦®à§‡ à¦®à¦¿à¦°à¦ªà§à¦°à§‡à¦° à¦¶à¦¿à¦¶à§ à¦¸à§à¦¬à¦¾à¦¸à§à¦¥à§à¦¯ à¦«à¦¾à¦‰à¦¨à§à¦¡à§‡à¦¶à¦¨ à¦¨à§‡à¦“à§Ÿà¦¾ à¦¹à§Ÿà¥¤ à¦¸à§‡à¦–à¦¾à¦¨ à¦¥à§‡à¦•à§‡ à¦¸à§à¦¥à¦¾à¦¨à§€à§Ÿ à¦à¦•à¦Ÿà¦¿ à¦¹à¦¾à¦¸à¦ªà¦¾à¦¤à¦¾à¦²à§‡ à¦¨à§‡à¦“à§Ÿà¦¾à¦° à¦ªà¦° à¦…à¦¬à¦¸à§à¦¥à¦¾à¦° à¦…à¦¬à¦¨à¦¤à¦¿ à¦¹à§Ÿà¥¤ à¦ªà¦°à§‡ à¦¶à§‡à¦°à§‡à¦¬à¦¾à¦‚à¦²à¦¾ à¦¨à¦—à¦°à§‡ à¦¨à¦¿à¦‰à¦°à§‹ à¦¸à¦¾à§Ÿà§‡à¦¨à§à¦¸ à¦¹à¦¾à¦¸à¦ªà¦¾à¦¤à¦¾à¦²à§‡ à¦¨à¦¿à¦²à§‡ à¦šà¦¿à¦•à¦¿à§Žà¦¸à¦• à¦¤à¦¾à¦•à§‡ à¦®à§ƒà¦¤ à¦˜à§‹à¦·à¦£à¦¾ à¦•à¦°à§‡à¦¨à¥¤\r\n\r\nà¦“à¦¸à¦¿ à¦œà¦¾à¦¨à¦¾à¦¨, à¦¬à¦¾à¦¬à§à¦²à§‡à¦° à¦–à§‡à¦²à¦¾à¦° à¦¸à¦™à§à¦—à§€ à¦¤à¦¿à¦¨ à¦¬à¦¨à§à¦§à§à¦•à§‡ à¦œà¦¿à¦œà§à¦žà¦¾à¦¸à¦¾à¦¬à¦¾à¦¦ à¦•à¦°à¦¾ à¦¹à§Ÿà§‡à¦›à§‡à¥¤ à¦¤à¦¾à¦°à¦¾ à¦¬à¦²à§‡à¦›à§‡, à¦•à§à¦°à¦¿à¦•à§‡à¦Ÿ à¦–à§‡à¦²à¦¾à§Ÿ à¦¨à§‹ à¦¬à¦² à¦¨à¦¿à§Ÿà§‡ à¦à¦¾à¦®à§‡à¦²à¦¾à§Ÿ à¦¬à¦¿à¦§à¦¾à¦¨ à¦¬à¦¾à¦¬à§à¦²à¦•à§‡ à¦ªà¦¿à¦Ÿà¦¿à§Ÿà§‡à¦›à§‡à¥¤ à¦˜à¦Ÿà¦¨à¦¾à¦° à¦ªà¦° à¦¥à§‡à¦•à§‡ à¦¬à¦¿à¦§à¦¾à¦¨ à¦ªà¦²à¦¾à¦¤à¦• à¦°à§Ÿà§‡à¦›à§‡à¥¤ à¦¤à¦¾à¦•à§‡ à¦†à¦Ÿà¦•à§‡à¦° à¦šà§‡à¦·à§à¦Ÿà¦¾ à¦šà¦²à¦›à§‡à¥¤ - See more at: http://bangla.samakal.net/2016/05/11/211604#sthash.WN1ppaXV.dpuf', '2016-05-21 04:52:29', NULL);
INSERT INTO `post` (`id`, `title`, `description`, `date_time`, `user_id`) VALUES
(46, 'à¦®à§ƒà¦¤à§à¦¯à§à¦° à¦–à¦¬à¦°à¦Ÿà¦¾ à¦†à¦—à§‡ à¦à¦²à§‹, à¦œà¦¿à¦ªà¦¿à¦-à§« à¦ªà§à¦°à¦¾à¦ªà§à¦¤à¦¿à¦°à¦Ÿà¦¾ à¦ªà¦°à§‡!', 'à¦²à¦¾à¦•à¦¾à¦¬à¦¾à¦¸à§€ à¦œà¦¾à¦¨à¦¾à§Ÿ, à¦®à¦¾à¦®à¦¾à¦¦à§‡à¦° à¦¦à¦¾à¦ªà¦Ÿà§‡ à¦¦à§€à¦°à§à¦˜à¦¦à¦¿à¦¨ à¦§à¦°à§‡ à¦®à¦¿à¦°à¦ªà§à¦° à¦à¦²à¦¾à¦•à¦¾à§Ÿ à¦¬à§‡à¦ªà¦°à§‹à§Ÿà¦¾ à¦›à¦¿à¦² à¦¬à¦¿à¦§à¦¾à¦¨à¥¤ à¦¸à¦®à§à¦ªà§à¦°à¦¤à¦¿ à¦¤à¦¾à¦•à§‡ à¦ªà§à¦²à¦¿à¦¶ à¦—à§à¦°à§‡à¦«à¦¤à¦¾à¦° à¦•à¦°à¦²à§‡à¦“ à¦®à¦¾à¦®à¦¾à¦°à¦¾ à¦ªà§à¦°à¦­à¦¾à¦¬ à¦–à¦¾à¦Ÿà¦¿à§Ÿà§‡ à¦›à¦¾à§œà¦¿à§Ÿà§‡ à¦¨à§‡à¦¨à¥¤\r\n\r\nà¦¬à§à¦§à¦¬à¦¾à¦°à¦à¦¸à¦à¦¸à¦¸à¦¿ à¦ªà¦°à§€à¦•à§à¦·à¦¾à¦° à¦«à¦² à¦œà¦¾à¦¨à¦¤à§‡ à¦¸à§à¦•à§à¦²à§‡ à¦¯à¦¾à¦“à§Ÿà¦¾à¦° à¦•à¦¥à¦¾ à¦¬à¦²à§‡ à¦¬à¦¾à¦¸à¦¾ à¦¥à§‡à¦•à§‡ à¦¬à§‡à¦° à¦¹à§Ÿà§‡à¦›à¦¿à¦² à¦¬à¦¾à¦¬à§à¦²à¥¤ à¦¨à¦¿à¦œà§‡à¦° à¦«à¦² à¦¨à¦¿à§Ÿà§‡ à¦†à¦° à¦«à¦¿à¦°à¦¤à§‡ à¦ªà¦¾à¦°à§‡à¦¨à¦¿à¥¤ à¦¬à¦¿à¦•à§‡à¦²à§‡à¦° à¦¦à¦¿à¦•à§‡ à¦¬à¦¾à¦¸à¦¾à§Ÿ à¦—à§‡à¦›à§‡ à¦¤à¦¾à¦° à¦¨à¦¿à¦¥à¦° à¦¦à§‡à¦¹à¥¤ à¦ªà¦°à§€à¦•à§à¦·à¦¾à§Ÿ à¦à¦¤ à¦­à¦¾à¦²à§‹ à¦«à¦² à¦•à¦°à¦¾à¦° à¦ªà¦° à¦¯à§‡ à¦ªà¦°à¦¿à¦¬à¦¾à¦°à¦Ÿà¦¿à¦¤à§‡ à¦†à¦¨à¦¨à§à¦¦à§‡à¦° à¦¬à¦¨à§à¦¯à¦¾ à¦¬à§Ÿà§‡ à¦¯à¦¾à¦“à§Ÿà¦¾à¦° à¦•à¦¥à¦¾ à¦¸à§‡à¦–à¦¾à¦¨à§‡ à¦à¦–à¦¨ à¦¬à¦¿à¦·à¦¾à¦¦à§‡à¦° à¦•à¦¾à¦²à§‹ à¦›à¦¾à§Ÿà¦¾à¥¤ à¦¬à¦¾à¦¬à§à¦²à§‡à¦° à¦—à§à¦°à¦¾à¦®à§‡à¦° à¦¬à¦¾à§œà¦¿ à¦«à¦°à¦¿à¦¦à¦ªà§à¦°à§‡à¦° à¦†à¦²à¦«à¦¾à¦¡à¦¾à¦™à§à¦—à¦¾à§Ÿà¥¤\r\n\r\nà¦¸à¦•à¦¾à¦² à¦¸à¦¾à§œà§‡ à§§à§¦à¦Ÿà¦¾à¦° à¦¦à¦¿à¦•à§‡ à¦¬à¦¾à¦¸à¦¾à¦° à¦ªà¦¾à¦¶à§‡ à¦®à¦¿à¦°à¦ªà§à¦°à§‡à¦° à¦¬à§œà¦¬à¦¾à¦—à§‡à¦° à¦¬à¦¸à¦¤à¦¿ à¦¹à¦¾à¦‰à¦œà¦¿à¦‚à§Ÿà§‡à¦° à¦§à¦¾à¦¨à¦•à§à¦·à§‡à¦¤ à¦à¦²à¦¾à¦•à¦¾à¦° à¦–à¦¾à¦²à¦¿ à¦à¦•à¦Ÿà¦¿ à¦ªà§à¦²à¦Ÿà§‡ à¦¬à¦¿à¦§à¦¾à¦¨, à¦¸à§à¦¬à¦¾à¦§à§€à¦¨, à¦¹à§ƒà¦¦à§Ÿ, à¦«à§Ÿà¦¸à¦¾à¦²à¦¸à¦¹ à¦†à¦°à¦“ à¦•à§Ÿà§‡à¦• à¦¬à¦¨à§à¦§à§à¦° à¦¸à¦™à§à¦—à§‡ à¦•à§à¦°à¦¿à¦•à§‡à¦Ÿ à¦–à§‡à¦²à¦›à¦¿à¦² à¦¬à¦¾à¦¬à§à¦²à¥¤ à¦‰à¦‡à¦•à§‡à¦Ÿà§‡à¦° à¦ªà§‡à¦›à¦¨à§‡ à¦•à¦¿à¦ªà¦¾à¦°à§‡à¦° à¦¦à¦¾à§Ÿà¦¿à¦¤à§à¦¬à§‡ à¦›à¦¿à¦² à¦¬à¦¾à¦¬à§à¦²à¥¤ à¦à¦•à¦Ÿà¦¿ à¦¬à¦²à§‡ à¦¬à¦¿à¦§à¦¾à¦¨ à¦†à¦‰à¦Ÿ à¦¹à¦²à§‡ à¦†à¦®à§à¦ªà¦¾à§Ÿà¦¾à¦° â€˜à¦¨à§‹ à¦¬à¦²â€™ à¦¡à¦¾à¦•à§‡à¥¤ à¦ªà¦°à§‡à¦° à¦¬à¦²à§‡ à¦à¦•à¦‡ à¦•à¦¾à§Ÿà¦¦à¦¾à§Ÿ à¦†à¦‰à¦Ÿ à¦¹à§Ÿ à¦¬à¦¿à¦§à¦¾à¦¨à¥¤ à¦¤à¦–à¦¨ à¦¬à¦¾à¦¬à§à¦² à¦®à¦œà¦¾ à¦•à¦°à§‡ à¦¬à¦²à§‡à¦›à¦¿à¦², â€˜à¦à¦¬à¦¾à¦°à¦“ à¦¨à§‹ à¦¬à¦²à¥¤â€™ à¦à¦¤à§‡à¦‡ à¦•à§à¦·à¦¿à¦ªà§à¦¤ à¦¹à§Ÿà§‡ à¦¬à¦¿à¦§à¦¾à¦¨ à¦¬à§à¦¯à¦¾à¦Ÿ à¦¦à¦¿à§Ÿà§‡ à¦¬à¦¾à¦¬à§à¦²à¦•à§‡ à¦ªà§‡à¦Ÿà¦¾à¦¨à§‹ à¦¶à§à¦°à§ à¦•à¦°à§‡à¥¤ à¦…à¦¨à§à¦¯à¦°à¦¾ à¦•à¦¿à¦›à§ à¦¬à§à¦à§‡ à¦“à¦ à¦¾à¦° à¦†à¦—à§‡à¦‡ à¦®à¦¾à¦ à§‡à¦° à¦®à¦§à§à¦¯à§‡ à¦ªà§œà§‡ à¦¯à¦¾à§Ÿ à¦¬à¦¾à¦¬à§à¦²à¥¤ à¦ªà¦¾à¦²à¦¿à§Ÿà§‡ à¦¯à¦¾à§Ÿ à¦¬à¦¿à¦§à¦¾à¦¨à¥¤\r\n\r\nà¦¬à§à¦§à¦¬à¦¾à¦° à¦¢à¦¾à¦•à¦¾ à¦®à§‡à¦¡à¦¿à¦•à§‡à¦² à¦•à¦²à§‡à¦œ à¦®à¦°à§à¦—à§‡à¦° à¦¸à¦¾à¦®à¦¨à§‡ à¦¬à¦¿à¦²à¦¾à¦ª à¦•à¦°à¦›à¦¿à¦²à§‡à¦¨ à¦¬à¦¾à¦¬à§à¦²à§‡à¦° à¦¬à¦¾à¦¬à¦¾ à¦®à§‹à¦¸à§à¦¤à¦«à¦¾ à¦¸à¦¿à¦•à¦¦à¦¾à¦°à¥¤ à¦¤à¦¿à¦¨à¦¿ à¦¸à¦®à¦•à¦¾à¦²à¦•à§‡ à¦¬à¦²à§‡à¦¨, â€˜à¦›à§‡à¦²à§‡à¦Ÿà¦¾à¦°à§‡ à¦ à¦¿à¦•à¦®à¦¤à§‹ à¦ªà§œà¦¾à¦° à¦–à¦°à¦šà¦“ à¦¦à¦¿à¦¤à§‡ à¦ªà¦¾à¦°à¦¿à¦¨à¦¿à¥¤ à¦Ÿà¦¿à¦‰à¦¶à¦¨ à¦«à¦¿ à¦¦à¦¿à¦¤à§‡ à¦ªà¦¾à¦°à¦¿à¦¨à¦¿à¥¤ à¦à¦°à¦ªà¦°à¦“ à¦›à§‡à¦²à§‡à¦Ÿà¦¾ à¦¬à¦²à¦¤, à¦¬à¦¾à¦¬à¦¾ à¦¦à§‡à¦–à¦¬à¦¾ à¦†à¦®à¦¿ à¦œà¦¿à¦ªà¦¿à¦ à§« à¦ªà¦¾à¦¬à¥¤ à¦—à¦°à¦¿à¦¬à§‡à¦° à¦˜à¦°à§‡à¦° à¦†à¦²à§‹ à¦•à§‡à§œà§‡ à¦¨à¦¿à¦² à¦¤à¦¾à¦°à¦¾à¥¤â€™\r\n\r\nà¦›à¦¾à¦¤à§à¦°à§‡à¦° à¦à¦®à¦¨ à¦®à¦°à§à¦®à¦¾à¦¨à§à¦¤à¦¿à¦• à¦®à§ƒà¦¤à§à¦¯à§à¦° à¦–à¦¬à¦°à§‡ à¦¬à¦¾à¦¬à§à¦²à¦¦à§‡à¦° à¦¬à¦¾à¦¸à¦¾à§Ÿ à¦¯à¦¾à¦¨ à¦®à¦¿à¦°à¦ªà§à¦° à¦†à¦¦à¦°à§à¦¶ à¦‰à¦šà§à¦š à¦¬à¦¿à¦¦à§à¦¯à¦¾à¦²à§Ÿà§‡à¦° à¦¶à¦¿à¦•à§à¦·à¦•à¦°à¦¾à¦“à¥¤\r\n\r\nà¦®à¦¿à¦°à¦ªà§à¦° à¦¥à¦¾à¦¨à¦¾à¦° à¦“à¦¸à¦¿ à¦­à§à¦‡à§Ÿà¦¾ à¦®à¦¾à¦¹à¦¬à§à¦¬ à¦¹à¦¾à¦¸à¦¾à¦¨ à¦œà¦¾à¦¨à¦¾à¦¨, à¦¬à¦¾à¦¬à§à¦²à¦•à§‡ à¦ªà§à¦°à¦¥à¦®à§‡ à¦®à¦¿à¦°à¦ªà§à¦°à§‡à¦° à¦¶à¦¿à¦¶à§ à¦¸à§à¦¬à¦¾à¦¸à§à¦¥à§à¦¯ à¦«à¦¾à¦‰à¦¨à§à¦¡à§‡à¦¶à¦¨ à¦¨à§‡à¦“à§Ÿà¦¾ à¦¹à§Ÿà¥¤ à¦¸à§‡à¦–à¦¾à¦¨ à¦¥à§‡à¦•à§‡ à¦¸à§à¦¥à¦¾à¦¨à§€à§Ÿ à¦à¦•à¦Ÿà¦¿ à¦¹à¦¾à¦¸à¦ªà¦¾à¦¤à¦¾à¦²à§‡ à¦¨à§‡à¦“à§Ÿà¦¾à¦° à¦ªà¦° à¦…à¦¬à¦¸à§à¦¥à¦¾à¦° à¦…à¦¬à¦¨à¦¤à¦¿ à¦¹à§Ÿà¥¤ à¦ªà¦°à§‡ à¦¶à§‡à¦°à§‡à¦¬à¦¾à¦‚à¦²à¦¾ à¦¨à¦—à¦°à§‡ à¦¨à¦¿à¦‰à¦°à§‹ à¦¸à¦¾à§Ÿà§‡à¦¨à§à¦¸ à¦¹à¦¾à¦¸à¦ªà¦¾à¦¤à¦¾à¦²à§‡ à¦¨à¦¿à¦²à§‡ à¦šà¦¿à¦•à¦¿à§Žà¦¸à¦• à¦¤à¦¾à¦•à§‡ à¦®à§ƒà¦¤ à¦˜à§‹à¦·à¦£à¦¾ à¦•à¦°à§‡à¦¨à¥¤\r\n\r\nà¦“à¦¸à¦¿ à¦œà¦¾à¦¨à¦¾à¦¨, à¦¬à¦¾à¦¬à§à¦²à§‡à¦° à¦–à§‡à¦²à¦¾à¦° à¦¸à¦™à§à¦—à§€ à¦¤à¦¿à¦¨ à¦¬à¦¨à§à¦§à§à¦•à§‡ à¦œà¦¿à¦œà§à¦žà¦¾à¦¸à¦¾à¦¬à¦¾à¦¦ à¦•à¦°à¦¾ à¦¹à§Ÿà§‡à¦›à§‡à¥¤ à¦¤à¦¾à¦°à¦¾ à¦¬à¦²à§‡à¦›à§‡, à¦•à§à¦°à¦¿à¦•à§‡à¦Ÿ à¦–à§‡à¦²à¦¾à§Ÿ à¦¨à§‹ à¦¬à¦² à¦¨à¦¿à§Ÿà§‡ à¦à¦¾à¦®à§‡à¦²à¦¾à§Ÿ à¦¬à¦¿à¦§à¦¾à¦¨ à¦¬à¦¾à¦¬à§à¦²à¦•à§‡ à¦ªà¦¿à¦Ÿà¦¿à§Ÿà§‡à¦›à§‡à¥¤ à¦˜à¦Ÿà¦¨à¦¾à¦° à¦ªà¦° à¦¥à§‡à¦•à§‡ à¦¬à¦¿à¦§à¦¾à¦¨ à¦ªà¦²à¦¾à¦¤à¦• à¦°à§Ÿà§‡à¦›à§‡à¥¤ à¦¤à¦¾à¦•à§‡ à¦†à¦Ÿà¦•à§‡à¦° à¦šà§‡à¦·à§à¦Ÿà¦¾ à¦šà¦²à¦›à§‡à¥¤ - See more at: http://bangla.samakal.net/2016/05/11/211604#sthash.WN1ppaXV.dpuf', '2016-05-21 04:52:29', NULL),
(47, '\r\nà§« à¦•à¦²à§‡à¦œà¦•à§‡ à¦¸à§‡à¦°à¦¾ à¦˜à§‹à¦·à¦£à¦¾ à¦•à¦°à¦² à¦œà¦¾à¦¤à§€à¦¯à¦¼ à¦¬à¦¿à¦¶à§à¦¬à¦¬à¦¿à¦¦à§à¦¯à¦¾à¦²à¦¯à¦¼', '  à¦œà¦¾à¦¤à§€à¦¯à¦¼ à¦¬à¦¿à¦¶à§à¦¬à¦¬à¦¿à¦¦à§à¦¯à¦¾à¦²à¦¯à¦¼à§‡à¦° à¦…à¦§à§€à¦¨ à¦ªà¦¾à¦à¦šà¦Ÿà¦¿ à¦•à¦²à§‡à¦œà¦•à§‡ à¦œà¦¾à¦¤à§€à¦¯à¦¼à¦­à¦¾à¦¬à§‡ à¦¶à§à¦°à§‡à¦·à§à¦  à¦•à¦²à§‡à¦œ à¦¹à¦¿à¦¸à§‡à¦¬à§‡ à¦˜à§‹à¦·à¦£à¦¾ à¦¦à¦¿à¦¯à¦¼à§‡à¦›à§‡ à¦¬à¦¿à¦¶à§à¦¬à¦¬à¦¿à¦¦à§à¦¯à¦¾à¦²à¦¯à¦¼ à¦•à¦°à§à¦¤à§ƒà¦ªà¦•à§à¦·à¥¤ à¦•à¦²à§‡à¦œà¦—à§à¦²à§‹ à¦¹à¦²à§‹ à¦°à¦¾à¦œà¦¶à¦¾à¦¹à§€ à¦•à¦²à§‡à¦œ, à¦‡à¦¡à§‡à¦¨ à¦®à¦¹à¦¿à¦²à¦¾ à¦•à¦²à§‡à¦œ, à¦¢à¦¾à¦•à¦¾ à¦•à¦²à§‡à¦œ, à¦¢à¦¾à¦•à¦¾ à¦•à¦®à¦¾à¦°à§à¦¸ à¦•à¦²à§‡à¦œ (à¦¬à§‡à¦¸à¦°à¦•à¦¾à¦°à¦¿) à¦“ à¦¸à¦°à¦•à¦¾à¦°à¦¿ à¦¬à§à¦°à¦œà¦®à§‹à¦¹à¦¨ (à¦¬à¦¿à¦à¦®) à¦•à¦²à§‡à¦œà¥¤\r\nà¦¨à¦¿à¦œà§‡à¦¦à§‡à¦° à¦‰à¦¦à§à¦¯à§‹à¦—à§‡ à¦•à¦°à¦¾ à¦à¦• à¦°â€Œà§à¦¯à¦¾à¦™à§à¦•à¦¿à¦‚à¦¯à¦¼à§‡à¦° à¦­à¦¿à¦¤à§à¦¤à¦¿à¦¤à§‡ à¦à¦‡ à¦˜à§‹à¦·à¦£à¦¾ à¦¦à¦¿à¦¯à¦¼à§‡à¦›à§‡ à¦¬à¦¿à¦¶à§à¦¬à¦¬à¦¿à¦¦à§à¦¯à¦¾à¦²à¦¯à¦¼ à¦•à¦°à§à¦¤à§ƒà¦ªà¦•à§à¦·à¥¤ à¦†à¦œ à¦¶à¦¨à¦¿à¦¬à¦¾à¦° à¦¦à§à¦ªà§à¦°à§‡ à¦°à¦¾à¦œà¦§à¦¾à¦¨à§€à¦° à¦§à¦¾à¦¨à¦®à¦¨à§à¦¡à¦¿à¦¤à§‡ à¦¬à¦¿à¦¶à§à¦¬à¦¬à¦¿à¦¦à§à¦¯à¦¾à¦²à¦¯à¦¼à¦Ÿà¦¿à¦° à¦¨à¦—à¦° à¦•à¦¾à¦°à§à¦¯à¦¾à¦²à¦¯à¦¼à§‡ à¦†à¦¯à¦¼à§‹à¦œà¦¿à¦¤ à¦¸à¦‚à¦¬à¦¾à¦¦ à¦¸à¦®à§à¦®à§‡à¦²à¦¨à§‡ à¦°â€Œà§à¦¯à¦¾à¦™à§à¦•à¦¿à¦‚à¦¯à¦¼à§‡à¦° à¦«à¦² à¦˜à§‹à¦·à¦£à¦¾ à¦•à¦°à§‡à¦¨ à¦‰à¦ªà¦¾à¦šà¦¾à¦°à§à¦¯ à¦¹à¦¾à¦°à§à¦¨-à¦…à¦°-à¦°à¦¶à¦¿à¦¦à¥¤\r\n\r\nà¦ªà¦°à§€à¦•à§à¦·à¦¾à¦° à¦«à¦²à¦¸à¦¹ à§©à§§à¦Ÿà¦¿ à¦¸à§‚à¦šà¦•à§‡à¦° à¦­à¦¿à¦¤à§à¦¤à¦¿à¦¤à§‡ à¦¬à¦¿à¦¶à§à¦¬à¦¬à¦¿à¦¦à§à¦¯à¦¾à¦²à¦¯à¦¼à§‡à¦° à¦…à¦§à¦¿à¦­à§à¦•à§à¦¤ à¦¸à§à¦¨à¦¾à¦¤à¦• à¦“ à¦¸à§à¦¨à¦¾à¦¤à¦•à§‹à¦¤à§à¦¤à¦° à¦¸à§à¦¤à¦°à§‡à¦° à§¬à§®à§«à¦Ÿà¦¿ à¦•à¦²à§‡à¦œà§‡à¦° à§¨à§¦à§§à§« à¦¸à¦¾à¦²à§‡à¦° à¦¤à¦¥à§à¦¯à§‡à¦° à¦­à¦¿à¦¤à§à¦¤à¦¿à¦¤à§‡ à¦à¦‡ à¦°â€Œà§à¦¯à¦¾à¦™à§à¦•à¦¿à¦‚ à¦•à¦°à¦¾ à¦¹à¦¯à¦¼à¥¤\r\n\r\nà¦à¦¤à§‡ à¦œà¦¾à¦¤à§€à¦¯à¦¼ à¦ªà¦°à§à¦¯à¦¾à¦¯à¦¼à§‡ à¦¶à§à¦°à§‡à¦·à§à¦  à¦ªà¦¾à¦à¦šà¦Ÿà¦¿, à¦¸à§‡à¦°à¦¾ à¦®à¦¹à¦¿à¦²à¦¾ à¦•à¦²à§‡à¦œ à¦à¦•à¦Ÿà¦¿, à¦¸à§‡à¦°à¦¾ à¦¸à¦°à¦•à¦¾à¦°à¦¿ à¦•à¦²à§‡à¦œ à¦à¦•à¦Ÿà¦¿, à¦¸à§‡à¦°à¦¾ à¦¬à§‡à¦¸à¦°à¦•à¦¾à¦°à¦¿ à¦•à¦²à§‡à¦œ à¦à¦•à¦Ÿà¦¿ à¦à¦¬à¦‚ à¦¸à¦¾à¦¤à¦Ÿà¦¿ à¦†à¦žà§à¦šà¦²à¦¿à¦• à¦ªà¦°à§à¦¯à¦¾à¦¯à¦¼à§‡à¦° à¦ªà§à¦°à¦¤à¦¿à¦Ÿà¦¿à¦¤à§‡ à¦¸à¦°à§à¦¬à§‹à¦šà§à¦š à§§à§¦à¦Ÿà¦¿ à¦•à¦°à§‡ à¦•à¦²à§‡à¦œà¦•à§‡ à¦¸à§‡à¦°à¦¾ à¦•à¦²à§‡à¦œ à¦¹à¦¿à¦¸à§‡à¦¬à§‡ à¦˜à§‹à¦·à¦£à¦¾ à¦¦à§‡à¦“à¦¯à¦¼à¦¾ à¦¹à¦¯à¦¼à¥¤ à¦¤à¦¬à§‡ à¦¦à§à¦Ÿà¦¿ à¦…à¦žà§à¦šà¦²à§‡ à§§à§¦à¦Ÿà¦¿ à¦•à¦²à§‡à¦œ à¦ªà¦¾à¦“à¦¯à¦¼à¦¾ à¦¯à¦¾à¦¯à¦¼à¦¨à¦¿à¥¤ à§¨à§¦ à¦®à§‡ à¦œà¦¾à¦¤à§€à¦¯à¦¼ à¦œà¦¾à¦¦à§à¦˜à¦°à§‡ à¦à¦¸à¦¬ à¦•à¦²à§‡à¦œà¦•à§‡ à¦¸à§à¦®à¦¾à¦°à¦• à¦¸à¦®à§à¦®à¦¾à¦¨à¦¨à¦¾, à¦¸à¦¨à¦¦ à¦“ à¦ªà§à¦°à¦¸à§à¦•à¦¾à¦° à¦ªà§à¦°à¦¦à¦¾à¦¨ à¦•à¦°à¦¾ à¦¹à¦¬à§‡à¥¤ à¦‰à¦ªà¦¾à¦šà¦¾à¦°à§à¦¯ à¦¦à¦¾à¦¬à¦¿ à¦•à¦°à§‡à¦¨, à¦ à¦§à¦°à¦¨à§‡à¦° à¦†à¦¯à¦¼à§‹à¦œà¦¨ à¦¦à§‡à¦¶à§‡ à¦ªà§à¦°à¦¥à¦®à¥¤\r\n\r\n\r\nà¦°à¦¾à¦œà¦¶à¦¾à¦¹à§€ à¦…à¦žà§à¦šà¦²à§‡à¦° à§§à§¦à¦Ÿà¦¿ à¦¸à§‡à¦°à¦¾ à¦•à¦²à§‡à¦œ : à¦°à¦¾à¦œà¦¶à¦¾à¦¹à§€ à¦•à¦²à§‡à¦œ, à¦¬à¦—à§à¦¡à¦¼à¦¾à¦° à¦¸à¦°à¦•à¦¾à¦°à¦¿ à¦†à¦œà¦¿à¦œà§à¦² à¦¹à¦• à¦•à¦²à§‡à¦œ, à¦¸à¦¿à¦°à¦¾à¦œà¦—à¦žà§à¦œ à¦¸à¦°à¦•à¦¾à¦°à¦¿ à¦•à¦²à§‡à¦œ, à¦°à¦¾à¦œà¦¶à¦¾à¦¹à§€à¦° à¦­à¦¬à¦¾à¦¨à§€à¦—à¦žà§à¦œ à¦•à¦²à§‡à¦œ, à¦¬à¦—à§à¦¡à¦¼à¦¾à¦° à¦¸à§ˆà¦¯à¦¼à¦¦ à¦†à¦¹à¦®à¦¦ à¦•à¦²à§‡à¦œ, à¦°à¦¾à¦œà¦¶à¦¾à¦¹à§€ à¦¸à¦°à¦•à¦¾à¦°à¦¿ à¦®à¦¹à¦¿à¦²à¦¾ à¦•à¦²à§‡à¦œ, à¦šà¦¾à¦à¦ªà¦¾à¦‡à¦¨à¦¬à¦¾à¦¬à¦—à¦žà§à¦œà§‡à¦° à¦¨à¦¬à¦¾à¦¬à¦—à¦žà§à¦œ à¦¸à¦°à¦•à¦¾à¦°à¦¿ à¦•à¦²à§‡à¦œ, à¦¨à¦“à¦—à¦¾à¦ à¦¸à¦°à¦•à¦¾à¦°à¦¿ à¦•à¦²à§‡à¦œ, à¦¬à¦—à§à¦¡à¦¼à¦¾à¦° à¦¸à¦°à¦•à¦¾à¦°à¦¿ à¦®à§à¦œà¦¿à¦¬à§à¦° à¦°à¦¹à¦®à¦¾à¦¨ à¦®à¦¹à¦¿à¦²à¦¾ à¦•à¦²à§‡à¦œ à¦“ à¦°à¦¾à¦œà¦¶à¦¾à¦¹à§€à¦° à¦¨à¦¿à¦‰ à¦—à¦­à¦°à§à¦¨à¦®à§‡à¦¨à§à¦Ÿ à¦¡à¦¿à¦—à§à¦°à¦¿ à¦•à¦²à§‡à¦œà¥¤\r\n\r\nà¦–à§à¦²à¦¨à¦¾ à¦…à¦žà§à¦šà¦²à§‡à¦° à¦¸à§‡à¦°à¦¾ à§§à§¦ à¦•à¦²à§‡à¦œ : à¦¯à¦¶à§‹à¦°à§‡à¦° à¦¸à¦°à¦•à¦¾à¦°à¦¿ à¦à¦® à¦à¦® à¦•à¦²à§‡à¦œ, à¦¸à¦¾à¦¤à¦•à§à¦·à§€à¦°à¦¾à¦° à¦•à§à¦®à¦¿à¦°à¦¾ à¦®à¦¹à¦¿à¦²à¦¾ à¦¡à¦¿à¦—à§à¦°à¦¿ à¦•à¦²à§‡à¦œ, à¦¯à¦¶à§‹à¦°à§‡à¦° à¦¸à¦°à¦•à¦¾à¦°à¦¿ à¦®à¦¹à¦¿à¦²à¦¾ à¦•à¦²à§‡à¦œ, à¦šà§à¦¯à¦¼à¦¾à¦¡à¦¾à¦™à§à¦—à¦¾ à¦¸à¦°à¦•à¦¾à¦°à¦¿ à¦•à¦²à§‡à¦œ, à¦¯à¦¶à§‹à¦°à§‡à¦° à¦‰à¦ªà¦¶à¦¹à¦° à¦®à¦¹à¦¿à¦²à¦¾ à¦¡à¦¿à¦—à§à¦°à¦¿ à¦•à¦²à§‡à¦œ, à¦¸à¦¾à¦¤à¦•à§à¦·à§€à¦°à¦¾ à¦¸à¦¿à¦Ÿà¦¿ à¦•à¦²à§‡à¦œ, à¦•à§à¦·à§à¦Ÿà¦¿à¦¯à¦¼à¦¾ à¦¸à¦°à¦•à¦¾à¦°à¦¿ à¦®à¦¹à¦¿à¦²à¦¾ à¦•à¦²à§‡à¦œ, à¦¬à¦¾à¦—à§‡à¦°à¦¹à¦¾à¦Ÿà§‡à¦° à¦¸à¦°à¦•à¦¾à¦°à¦¿ à¦ªà¦¿ à¦¸à¦¿ à¦•à¦²à§‡à¦œ, à¦¸à¦¾à¦¤à¦•à§à¦·à§€à¦°à¦¾à¦° à¦¸à¦°à¦•à¦¾à¦°à¦¿ à¦¶à§à¦¯à¦¾à¦®à¦¨à¦—à¦° à¦®à¦¹à¦¸à§€à¦¨ à¦•à¦²à§‡à¦œ à¦“ à¦¯à¦¶à§‹à¦°à§‡à¦° à¦¨à¦“à¦¯à¦¼à¦¾à¦ªà¦¾à¦¡à¦¼à¦¾ à¦•à¦²à§‡à¦œà¥¤\r\n\r\n\r\nà¦¬à¦°à¦¿à¦¶à¦¾à¦² à¦…à¦žà§à¦šà¦²à§‡à¦° à¦¸à§‡à¦°à¦¾ à§¯ à¦¸à§‡à¦°à¦¾ à¦•à¦²à§‡à¦œ : à¦¬à¦¿ à¦à¦® à¦•à¦²à§‡à¦œ, à¦¬à¦°à¦¿à¦¶à¦¾à¦²à§‡à¦° à¦¸à¦°à¦•à¦¾à¦°à¦¿ à¦®à¦¹à¦¿à¦²à¦¾ à¦•à¦²à§‡à¦œ, à¦¸à¦°à¦•à¦¾à¦°à¦¿ à¦¬à¦°à¦¿à¦¶à¦¾à¦² à¦•à¦²à§‡à¦œ, à¦­à§‹à¦²à¦¾ à¦¸à¦°à¦•à¦¾à¦°à¦¿ à¦•à¦²à§‡à¦œ, à¦¬à¦°à¦—à§à¦¨à¦¾ à¦¸à¦°à¦•à¦¾à¦°à¦¿ à¦•à¦²à§‡à¦œ, à¦¬à¦°à¦¿à¦¶à¦¾à¦²à§‡à¦° à¦¸à¦°à¦•à¦¾à¦°à¦¿ à¦¸à§ˆà¦¯à¦¼à¦¦ à¦¹à¦¾à¦¤à§‡à¦® à¦†à¦²à§€ à¦•à¦²à§‡à¦œ, à¦ªà¦¿à¦°à§‹à¦œà¦ªà§à¦°à§‡à¦° à¦¸à¦°à¦•à¦¾à¦°à¦¿ à¦¸à§‹à¦¹à¦°à¦¾à¦“à¦¯à¦¼à¦¾à¦°à§à¦¦à§€ à¦•à¦²à§‡à¦œ, à¦­à§‹à¦²à¦¾à¦° à¦šà¦°à¦«à§à¦¯à¦¾à¦¶à¦¨ à¦¸à¦°à¦•à¦¾à¦°à¦¿ à¦•à¦²à§‡à¦œ à¦“ à¦¬à¦°à¦¿à¦¶à¦¾à¦²à§‡à¦° à¦¸à¦°à¦•à¦¾à¦°à¦¿ à¦«à¦œà¦²à§à¦² à¦¹à¦• à¦•à¦²à§‡à¦œà¥¤\r\n\r\nà¦¸à¦¿à¦²à§‡à¦Ÿ à¦…à¦žà§à¦šà¦²à§‡à¦° à¦¸à§‡à¦°à¦¾ à§® : à¦¸à¦¿à¦²à§‡à¦Ÿà§‡à¦° à¦à¦® à¦¸à¦¿ à¦•à¦²à§‡à¦œ, à¦¹à¦¬à¦¿à¦—à¦žà§à¦œà§‡à¦° à¦¬à§ƒà¦¨à§à¦¦à¦¾à¦¬à¦¨ à¦¸à¦°à¦•à¦¾à¦°à¦¿ à¦•à¦²à§‡à¦œ, à¦¸à¦¿à¦²à§‡à¦Ÿà§‡à¦° à¦¸à¦°à¦•à¦¾à¦°à¦¿ à¦®à¦¹à¦¿à¦²à¦¾ à¦•à¦²à§‡à¦œ, à¦®à§Œà¦²à¦­à§€à¦¬à¦¾à¦œà¦¾à¦° à¦¸à¦°à¦•à¦¾à¦°à¦¿ à¦•à¦²à§‡à¦œ, à¦¸à¦¿à¦²à§‡à¦Ÿà§‡à¦° à¦®à¦¦à¦¨à¦®à§‹à¦¹à¦¨ à¦•à¦²à§‡à¦œ, à¦¸à§à¦¨à¦¾à¦®à¦—à¦žà§à¦œ à¦¸à¦°à¦•à¦¾à¦°à¦¿ à¦•à¦²à§‡à¦œ, à¦¸à¦¿à¦²à§‡à¦Ÿà§‡à¦° à¦¦à¦•à§à¦·à¦¿à¦£ à¦¸à§à¦°à¦®à¦¾ à¦•à¦²à§‡à¦œ à¦“ à¦®à§Œà¦²à¦­à§€à¦¬à¦¾à¦œà¦¾à¦°à§‡à¦° à¦¸à¦°à¦•à¦¾à¦°à¦¿ à¦¶à§à¦°à§€à¦®à¦™à§à¦—à¦² à¦•à¦²à§‡à¦œà¥¤\r\n\r\n à¦°à¦‚à¦ªà§à¦° à¦…à¦žà§à¦šà¦²à§‡à¦° à¦¸à§‡à¦°à¦¾ à§§à§¦ à¦•à¦²à§‡à¦œ : à¦°à¦‚à¦ªà§à¦°à§‡à¦° à¦•à¦¾à¦°à¦®à¦¾à¦‡à¦•à§‡à¦² à¦•à¦²à§‡à¦œ, à¦¦à¦¿à¦¨à¦¾à¦œà¦ªà§à¦° à¦¸à¦°à¦•à¦¾à¦°à¦¿ à¦•à¦²à§‡à¦œ, à¦²à¦¾à¦²à¦®à¦¨à¦¿à¦°à¦¹à¦¾à¦Ÿà§‡à¦° à¦†à¦²à¦¿à¦®à§à¦¦à§à¦¦à¦¿à¦¨ à¦•à¦²à§‡à¦œ, à¦°à¦‚à¦ªà§à¦°à§‡à¦° à¦¸à¦°à¦•à¦¾à¦°à¦¿ à¦¬à§‡à¦—à¦® à¦°à§‹à¦•à§‡à¦¯à¦¼à¦¾ à¦•à¦²à§‡à¦œ, à¦•à§à¦¡à¦¼à¦¿à¦—à§à¦°à¦¾à¦® à¦¸à¦°à¦•à¦¾à¦°à¦¿ à¦•à¦²à§‡à¦œ, à¦²à¦¾à¦²à¦®à¦¨à¦¿à¦°à¦¹à¦¾à¦Ÿà§‡à¦° à¦‰à¦¤à§à¦¤à¦°à¦¬à¦¾à¦‚à¦²à¦¾ à¦•à¦²à§‡à¦œ, à¦¨à§€à¦²à¦«à¦¾à¦®à¦¾à¦°à§€ à¦¸à¦°à¦•à¦¾à¦°à¦¿ à¦•à¦²à§‡à¦œ, à¦¦à¦¿à¦¨à¦¾à¦œà¦ªà§à¦° à¦¸à¦°à¦•à¦¾à¦°à¦¿ à¦®à¦¹à¦¿à¦²à¦¾ à¦•à¦²à§‡à¦œ, à¦²à¦¾à¦²à¦®à¦¨à¦¿à¦°à¦¹à¦¾à¦Ÿ à¦¸à¦°à¦•à¦¾à¦°à¦¿ à¦•à¦²à§‡à¦œ, à¦°à¦‚à¦ªà§à¦° à¦¸à¦°à¦•à¦¾à¦°à¦¿ à¦•à¦²à§‡à¦œà¥¤', '2016-05-21 04:52:29', NULL),
(48, 'Career Objective', 'To involve some innovative work that will put my knowledge to practical use, broaden the horizons of my skills and understanding and contribute towards the organization goal.', '2016-05-21 04:52:29', NULL),
(51, 'Professional Experiences', '  Enthusiastic learner with quickly grasps new concept and technical skill.\r\nSelf-Learner.\r\nHighly motivated, innovative, dependable troubleshooter and problem solver.\r\nGood communicator and good listener.\r\nHave good problem solving capability with analytic thinking under pressure.\r\nExcellent interpersonal, written and communication skills.\r\nThorough knowledge of Object Oriented Analysis & Design.\r\nFluent in Database Design and various Design Pattern.', '2016-05-21 04:52:29', NULL),
(52, 'à¦¬à¦¿à¦œà§Ÿ à¦¦à¦¿à¦¬à¦¸à§‡à¦° à¦¶à§à¦­à§‡à¦šà§à¦›à¦¾', '  à¦†à¦®à¦°à¦¾ à¦•à¦¿ à¦ªà¦¾à¦°à¦¿ à¦¨à¦¾ à¦ à¦¦à§‡à¦¶à¦Ÿà¦¾à¦•à§‡ à¦­à¦¾à¦²à¦¬à§‡à¦¸à§‡ à¦†à¦®à¦¾à¦¦à§‡à¦° à¦•à¦¾à¦œà¦—à§à¦²à§‹à¦•à§‡ à¦ à¦¿à¦•à¦ à¦¾à¦•à¦®à¦¤ à¦•à¦°à¦¤à§‡à¥¤ à¦¦à§‡à¦¶à§‡à¦° à¦ªà§à¦°à¦¤à¦¿ à¦­à¦¾à¦²à¦¬à¦¾à¦¸à¦¾ à¦¦à§‡à¦–à¦¾à¦¨à§‹à¦° à¦à¦–à¦¨à¦‡ à¦¤à§‹ à¦¸à¦®à§Ÿà¥¤ à¦¶à§à¦§à§ à¦®à§à¦–à§‡ à¦¬à§œ à¦¬à§œ à¦¬à§à¦²à¦¿ à¦¨à¦¾ à¦†à¦“à§œà§‡ à¦†à¦®à¦°à¦¾ à¦¦à§‡à¦¶à§‡à¦° à¦œà¦¨à§à¦¯ à¦ªà§à¦°à¦¤à¦¿à¦¦à¦¿à¦¨ à¦…à¦¨à§à¦¤à¦¤ à¦à¦•à¦Ÿà¦¾ à¦•à¦°à§‡ à¦•à¦¾à¦œ à¦•à¦°à¦¿à¥¤ à¦†à¦œ à¦¥à§‡à¦•à§‡ à¦•à¦¿ à¦†à¦®à¦°à¦¾ à¦ªà¦¾à¦°à¦¿ à¦¨à¦¾ à¦†à¦®à¦¾à¦¦à§‡à¦° à¦¦à§‡à¦¶à§‡à¦° à¦¶à¦¿à¦²à§à¦ª-à¦¸à¦‚à¦¸à§à¦•à§ƒà¦¤à¦¿à¦•à§‡ à¦ªà§ƒà¦·à§à¦ à¦ªà§‹à¦·à¦•à¦¤à¦¾ à¦•à¦°à¦¤à§‡, à¦ªà¦¾à¦°à¦¿ à¦¨à¦¿ à¦¹à¦¿à¦¨à§à¦¦à¦¿ à¦šà§à¦¯à¦¾à¦¨à§‡à¦²à¦—à§à¦²à§‹à¦•à§‡ à¦¬à¦¾à¦¦ à¦¦à¦¿à§Ÿà§‡ à¦†à¦®à¦¾à¦¦à§‡à¦° à¦¦à§‡à¦¶à§€à§Ÿ à¦šà§à¦¯à¦¾à¦¨à§‡à¦²à¦—à§à¦²à§‹à¦•à§‡ à¦¦à§‡à¦–à¦¤à§‡, à¦ªà¦¾à¦°à¦¿ à¦¨à¦¾ à¦¬à¦¿à¦¦à§‡à¦¶à¦¿ à¦ªà§‹à¦·à¦¾à¦• à¦¨à¦¾ à¦•à¦¿à¦¨à§‡ à¦†à¦®à¦¾à¦¦à§‡à¦° à¦¦à§‡à¦¶à§€à§Ÿ à¦ªà§‹à¦·à¦¾à¦• à¦ªà§œà¦¤à§‡?\r\n\r\nà¦†à¦œ à¦¥à§‡à¦•à§‡ à¦†à¦®à¦°à¦¾ à¦•à§‡à¦¨ à¦ªà§à¦°à¦¤à¦¿à¦œà§à¦žà¦¾ à¦•à¦°à¦›à¦¿ à¦¨à¦¾ à¦¯à§‡ à¦†à¦®à¦°à¦¾ à¦à¦–à¦¨ à¦¥à§‡à¦•à§‡ à¦¶à§à¦¦à§à¦§ à¦¬à¦¾à¦‚à¦²à¦¾à§Ÿ à¦•à¦¥à¦¾ à¦¬à¦²à¦¬, à¦¬à¦¾à¦‚à¦²à¦¾ à¦¬à¦¾à¦¨à¦¾à¦¨à¦—à§à¦²à§‹à¦° à¦¦à¦¿à¦•à§‡ à¦à¦•à¦Ÿà§ à¦¨à¦œà¦° à¦°à¦¾à¦–à¦¬? à¦®à§à¦•à§à¦¤à¦¿à¦¯à§à¦¦à§à¦§à§‡ à¦¤à¦¿à¦°à¦¿à¦¶ à¦²à¦•à§à¦· à¦¶à¦¹à§€à¦¦ à¦ªà§à¦°à¦¾à¦£ à¦¦à¦¿à§Ÿà§‡à¦›à§‡à¦¨, à¦†à¦®à¦°à¦¾ à¦†à¦®à¦¾à¦¦à§‡à¦° à¦›à§‹à¦Ÿ à¦›à§‹à¦Ÿ à¦•à¦¾à¦œà¦—à§à¦²à§‹ à¦¦à¦¿à§Ÿà§‡ à¦¦à§‡à¦¶à§‡à¦° à¦œà¦¨à§à¦¯ à¦•à¦¿à¦›à§ à¦à¦•à¦Ÿà¦¾ à¦…à¦¨à§à¦¤à¦¤à¦ƒ à¦•à¦°à¦¿à¥¤\r\n\r\nà¦¸à¦¬à¦¾à¦‡à¦•à§‡ à¦¬à¦¿à¦œà§Ÿ à¦¦à¦¿à¦¬à¦¸à§‡à¦° à¦¶à§à¦­à§‡à¦šà§à¦›à¦¾â€¦\r\n\r\nShare This', '2016-05-21 04:52:29', NULL),
(53, 'bower à¦à¦° à¦¬à§à¦¯à¦¬à¦¹à¦¾à¦°\r\nMAY 11, 2015	LEAVE A COMMENT', '  à¦ªà§à¦°à¦¥à¦®à§‡à¦‡ à¦à¦•à¦Ÿà¦¾ à¦…à¦­à¦¿à¦œà§à¦žà¦¤à¦¾ à¦¶à§‡à§Ÿà¦¾à¦° à¦•à¦°à¦¿à¥¤ à¦•à¦¿à¦›à§à¦¦à¦¿à¦¨ à¦†à¦—à§‡ à¦à¦•à¦Ÿà¦¾ à¦ªà§à¦°à¦œà§‡à¦•à§à¦Ÿà§‡ à¦•à¦¾à¦œ à¦•à¦°à¦¾à¦° à¦¸à¦®à§Ÿ à¦¦à§‡à¦–à¦²à¦¾à¦® à¦†à¦®à¦¿ à¦œà§‡à¦•à§à§Ÿà§‡à¦°à¦¿ à¦¡à§‡à¦Ÿà¦¾à¦Ÿà§‡à¦¬à¦¿à¦² à¦ªà§à¦²à¦¾à¦—à¦¿à¦¨à§‡à¦° à¦¯à§‡ à¦­à¦¾à¦°à§à¦¸à¦¨ à¦¬à§à¦¯à¦¬à¦¹à¦¾à¦° à¦•à¦°à§‡à¦›à¦¿à¦²à¦¾à¦® à¦¤à¦¾à¦° à¦à¦•à¦Ÿà¦¾ à¦†à¦ªà¦¡à§‡à¦Ÿ à¦­à¦¾à¦°à§à¦¸à¦¨ à¦°à¦¿à¦²à¦¿à¦œ à¦ªà§‡à§Ÿà§‡à¦›à§‡, à¦¯à§‡à¦–à¦¾à¦¨à§‡ à¦¸à¦°à§à¦Ÿà¦¿à¦‚ à¦¸à§à¦¬à¦¿à¦§à¦¾ à¦¯à§à¦•à§à¦¤ à¦¹à§Ÿà§‡à¦›à§‡à¥¤ à¦†à¦ªà¦¡à§‡à¦Ÿ à¦•à¦°à¦¾à¦° à¦¸à¦®à§Ÿ à¦®à¦¨à§‡ à¦¹à¦²à§‹ à¦¯à¦¦à¦¿ à¦•à§à¦²à¦¾à§Ÿà§‡à¦¨à§à¦Ÿ à¦¸à¦¾à¦‡à¦¡ à¦¡à¦¿à¦ªà§‡à¦¨à§à¦¡à§‡à¦¨à§à¦¸à¦¿ à¦®à§à¦¯à¦¾à¦¨à§‡à¦œ à¦•à¦°à¦¾à¦° à¦œà¦¨à§à¦¯ à¦•à¦®à§à¦ªà§‹à¦œà¦¾à¦°à§‡à¦° à¦®à¦¤ à¦•à§‹à¦¨ à¦Ÿà§à¦² à¦¥à¦¾à¦•à¦¤à§‹? à¦¸à¦¾à¦°à§à¦š à¦•à¦°à¦¤à§‡à¦‡ à¦–à§‹à¦œ à¦ªà§‡à¦²à¦¾à¦® à¦¬à¦¾à¦“à§Ÿà¦¾à¦°à§‡à¦°à¥¤\r\n\r\nà¦¬à¦¾à¦“à§Ÿà¦¾à¦° à¦Ÿà§à¦‡à¦Ÿà¦¾à¦°à§‡à¦° à¦¤à§ˆà¦°à¦¿ à¦•à¦°à¦¾ à¦•à§à¦²à¦¾à§Ÿà§‡à¦¨à§à¦Ÿ à¦¸à¦¾à¦‡à¦Ÿ à¦¡à¦¿à¦ªà§‡à¦¨à§à¦¡à§‡à¦¨à§à¦¸à¦¿ à¦®à§à¦¯à¦¾à¦¨à§‡à¦œà¦®à§‡à¦¨à§à¦Ÿ à¦Ÿà§à¦²à¥¤ à¦à¦Ÿà¦¿ à¦†à¦¸à¦²à§‡ à¦à¦•à¦Ÿà¦¿ à¦¨à§‹à¦¡ à¦ªà§à¦¯à¦¾à¦•à§‡à¦œà¥¤ à¦¸à§à¦¤à¦°à¦¾à¦‚ à¦¬à¦¾à¦“à§Ÿà¦¾à¦° à¦¬à§à¦¯à¦¬à¦¹à¦¾à¦° à¦•à¦°à¦¤à§‡ à¦¹à¦²à§‡ à¦†à¦ªà¦¨à¦¾à¦° à¦ªà¦¿à¦¸à¦¿à¦¤à§‡ à¦…à¦¬à¦¶à§à¦¯à¦‡ à¦¨à§‹à¦¡à¦œà§‡à¦à¦¸ à¦‡à¦¨à¦¸à§à¦Ÿà¦² à¦¥à¦¾à¦•à¦¾ à¦²à¦¾à¦—à¦¬à§‡à¥¤ à¦¨à§‹à¦¡ à¦‡à¦¨à¦¸à§à¦Ÿà¦² à¦•à¦°à¦²à§‡ à¦à¦° à¦¸à¦¾à¦¥à§‡ à¦¸à¦¾à¦¥à§‡ à¦à¦° à¦ªà§à¦¯à¦¾à¦•à§‡à¦œ à¦®à§à¦¯à¦¾à¦¨à§‡à¦œà¦¾à¦° npm(à¦¨à§‹à¦¡ à¦ªà§à¦¯à¦¾à¦•à§‡à¦œ à¦®à§à¦¯à¦¾à¦¨à§‡à¦œà¦¾à¦°)à¦“ à¦‡à¦¨à¦¸à§à¦Ÿà¦² à¦¹à§Ÿà¥¤ à¦¬à¦¾à¦“à§Ÿà¦¾à¦° à¦‡à¦¨à¦¸à§à¦Ÿà¦² à¦•à¦°à¦¾à¦° à¦œà¦¨à§à¦¯ à¦†à¦ªà¦¨à¦¾à¦•à§‡ à¦¨à¦¿à¦šà§‡à¦° à¦•à¦®à¦¾à¦¨à§à¦¡à¦Ÿà¦¿ à¦Ÿà¦¾à¦°à§à¦®à¦¿à¦¨à¦¾à¦²à§‡ à¦²à¦¿à¦–à¦¤à§‡ à¦¹à¦¬à§‡-', '2016-05-21 04:52:29', NULL),
(54, 'Live Comment System with jQuery Ajax PHP and MySQL', 'Comment Table\r\nThe comment table holds comment information. Here I only store commenter''s name, mail and comment. If you want you can store more information like ip address, url or whatever you. Another thing you must to do, that to include is post id. It will tell you this comment is for which post.', '2016-05-21 05:19:02', NULL),
(55, 'PHP Code', 'ajax_comment.php file holds this code. When the JavaScript sends asynchronous request this file receives serialized data and inserts into comment table. It also print out new comment for Ajax callback. Note, I haven''t used any form validation code here. If you want to use it in real life project you must need to add form validation code.\r\n', '2016-05-21 09:25:26', NULL),
(56, 'Programming', '', '2016-05-21 09:26:23', NULL),
(57, 'à¦†à¦œ à¦†à¦˜à¦¾à¦¤ à¦¹à¦¾à¦¨à¦¤à§‡ à¦ªà¦¾à¦°à§‡ â€˜à¦°à§‡à¦¾à§Ÿà¦¾à¦¨à§â€™', 'à¦¬à¦™à§à¦—à§‡à¦¾à¦ªà¦¸à¦¾à¦—à¦°à§‡ à¦¸à§ƒà¦·à§à¦Ÿ à¦˜à§‚à¦°à§à¦£à¦¿à¦à§œ â€˜à¦°à§‹à¦¯à¦¼à¦¾à¦¨à§â€™ à¦¶à¦•à§à¦¤à¦¿à¦¶à¦¾à¦²à§€ à¦¹à§Ÿà§‡ à¦‰à¦ªà¦•à§‚à¦²à§‡à¦° à¦¦à¦¿à¦•à§‡ à¦à¦—à¦¿à§Ÿà§‡ à¦†à¦¸à¦›à§‡à¥¤ à¦†à¦œ à¦¶à¦¨à¦¿à¦¬à¦¾à¦° à¦¦à§à¦ªà§à¦° à¦¬à¦¾ à¦¬à¦¿à¦•à§‡à¦² à¦¨à¦¾à¦—à¦¾à¦¦ à¦˜à§‚à¦°à§à¦£à¦¿à¦à¦¡à¦¼à¦Ÿà¦¿ à¦¬à¦°à¦¿à¦¶à¦¾à¦²-à¦šà¦Ÿà§à¦Ÿà¦—à§à¦°à¦¾à¦® à¦‰à¦ªà¦•à§‚à¦²à§‡ à¦†à¦˜à¦¾à¦¤ à¦¹à¦¾à¦¨à¦¤à§‡ à¦ªà¦¾à¦°à§‡à¥¤ à¦˜à§‚à¦°à§à¦£à¦¿à¦à§œà§‡à¦° à¦•à¦¾à¦°à¦£à§‡ à¦¸à¦¾à¦°à¦¾ à¦¦à§‡à¦¶à§‡à¦° à¦¨à§‡à§—à¦¯à¦¾à¦¨ à¦šà¦²à¦¾à¦šà¦² à¦¬à¦¨à§à¦§ à¦•à¦°à§‡ à¦¦à§‡à¦“à§Ÿà¦¾ à¦¹à§Ÿà§‡à¦›à§‡à¥¤ à¦‰à¦ªà¦•à§‚à¦²à§‡à¦° à¦¬à¦¾à¦¸à¦¿à¦¨à§à¦¦à¦¾à¦¦à§‡à¦° à¦¨à¦¿à¦°à¦¾à¦ªà¦¦ à¦†à¦¶à§à¦°à§Ÿà§‡ à¦¸à¦°à¦¿à§Ÿà§‡ à¦¨à§‡à¦“à§Ÿà¦¾ à¦¹à¦šà§à¦›à§‡à¥¤\r\n\r\nà¦à¦¦à¦¿à¦•à§‡ à¦šà¦Ÿà§à¦Ÿà¦—à§à¦°à¦¾à¦® à¦¸à¦®à§à¦¦à§à¦°à¦¬à¦¨à§à¦¦à¦°à¦•à§‡ à§­ à¦¨à¦®à§à¦¬à¦°, à¦•à¦•à§à¦¸à¦¬à¦¾à¦œà¦¾à¦°à¦•à§‡ à§¬ à¦¨à¦®à§à¦¬à¦° à¦à¦¬à¦‚ à¦®à¦‚à¦²à¦¾ à¦“ à¦ªà¦¾à¦¯à¦¼à¦°à¦¾ à¦¸à¦®à§à¦¦à§à¦°à¦¬à¦¨à§à¦¦à¦°à¦•à§‡ à§« à¦¨à¦®à§à¦¬à¦° à¦¬à¦¿à¦ªà§Žà¦¸à¦‚à¦•à§‡à¦¤ à¦¦à§‡à¦–à¦¾à¦¤à§‡ à¦¬à¦²à¦¾ à¦¹à¦¯à¦¼à§‡à¦›à§‡à¥¤ à¦—à¦¤à¦•à¦¾à¦² à¦¶à§à¦•à§à¦°à¦¬à¦¾à¦° à¦˜à§‚à¦°à§à¦£à¦¿à¦à§œà§‡à¦° à¦ªà§à¦°à¦­à¦¾à¦¬à§‡ à¦‰à¦ªà¦•à§‚à¦²à¦¬à¦°à§à¦¤à§€ à¦•à§Ÿà§‡à¦•à¦Ÿà¦¿ à¦œà§‡à¦²à¦¾à§Ÿ à¦ªà§à¦°à¦¬à¦² à¦¬à§ƒà¦·à§à¦Ÿà¦¿à¦ªà¦¾à¦¤ à¦¹à§Ÿà§‡à¦›à§‡à¥¤ à¦¬à§‡à¦¶ à¦•à§Ÿà§‡à¦•à¦Ÿà¦¿ à¦œà§‡à¦²à¦¾à§Ÿ à¦—à§à¦à§œà¦¿ à¦—à§à¦à§œà¦¿ à¦¬à§ƒà¦·à§à¦Ÿà¦¿ à¦¹à§Ÿà§‡à¦›à§‡à¥¤\r\nà¦¦à§à¦°à§à¦¯à§‹à¦— à¦¬à§à¦¯à¦¬à¦¸à§à¦¥à¦¾à¦ªà¦¨à¦¾ à¦“ à¦¤à§à¦°à¦¾à¦£ à¦®à¦¨à§à¦¤à§à¦°à¦£à¦¾à¦²à§Ÿà§‡à¦° à¦¸à¦šà¦¿à¦¬ à¦®à§‹. à¦¶à¦¾à¦¹à§ à¦•à¦¾à¦®à¦¾à¦² à¦¸à¦¨à§à¦§à§à¦¯à¦¾à§Ÿ à¦ªà§à¦°à¦¥à¦® à¦†à¦²à§‡à¦¾à¦•à§‡ à¦¬à¦²à§‡à¦¨, à¦šà¦Ÿà§à¦Ÿà¦—à§à¦°à¦¾à¦®, à¦¨à§‹à§Ÿà¦¾à¦–à¦¾à¦²à§€, à¦šà¦¾à¦à¦¦à¦ªà§à¦°, à¦²à¦•à§à¦·à§à¦®à§€à¦ªà§à¦° à¦“ à¦•à¦•à§à¦¸à¦¬à¦¾à¦œà¦¾à¦°à§‡à¦° à¦‰à¦ªà¦•à§‚à¦²à¦¬à¦°à§à¦¤à§€ à¦à¦²à¦¾à¦•à¦¾à¦° à¦¬à¦¾à¦¸à¦¿à¦¨à§à¦¦à¦¾à¦¦à§‡à¦° à¦¨à¦¿à¦°à¦¾à¦ªà¦¦ à¦†à¦¶à§à¦°à§Ÿà§‡ à¦¸à¦°à¦¿à§Ÿà§‡ à¦¨à§‡à¦“à§Ÿà¦¾ à¦¶à§à¦°à§ à¦¹à§Ÿà§‡à¦›à§‡à¥¤ à¦˜à§‚à¦°à§à¦£à¦¿à¦à¦¡à¦¼ à¦•à§‡à¦¾à¦®à§‡à¦¨à§‡à¦° à¦¸à¦®à§Ÿ à§¨à§§ à¦²à¦¾à¦– à§§à§® à¦¹à¦¾à¦œà¦¾à¦° à¦®à¦¾à¦¨à§à¦·à¦•à§‡ à¦¨à¦¿à¦°à¦¾à¦ªà¦¦ à¦†à¦¶à§à¦°à§Ÿà§‡ à¦¸à¦°à¦¿à§Ÿà§‡ à¦¨à§‡à¦“à§Ÿà¦¾ à¦¹à§Ÿà§‡à¦›à¦¿à¦²à¥¤ à¦à¦¬à¦¾à¦°à¦“ à¦ªà§à¦°à¦¾à§Ÿ à¦à¦•à¦‡ à¦¸à¦‚à¦–à§à¦¯à¦• à¦®à¦¾à¦¨à§à¦·à¦•à§‡ à¦¸à¦°à¦¿à§Ÿà§‡ à¦¨à§‡à¦“à§Ÿà¦¾à¦° à¦ªà§à¦°à§Ÿà§‡à¦¾à¦œà¦¨ à¦¹à¦¤à§‡ à¦ªà¦¾à¦°à§‡à¥¤ à¦¸à¦°à¦•à¦¾à¦°à§‡à¦° à¦¸à§‡à¦‡ à¦ªà§à¦°à¦¸à§à¦¤à§à¦¤à¦¿ à¦°à§Ÿà§‡à¦›à§‡à¥¤ à¦¸à¦¾à¦°à¦¾ à¦¦à§‡à¦¶à§‡ à§© à¦¹à¦¾à¦œà¦¾à¦° à§®à§«à§§à¦Ÿà¦¿ à¦†à¦¶à§à¦°à§Ÿà¦•à§‡à¦¨à§à¦¦à§à¦° à¦°à§Ÿà§‡à¦›à§‡à¥¤ à¦¸à§‡à¦—à§à¦²à§‡à¦¾ à¦ªà§à¦°à¦¸à§à¦¤à§à¦¤ à¦°à¦¾à¦–à¦¾ à¦¹à§Ÿà§‡à¦›à§‡à¥¤', '2016-05-21 09:29:45', NULL);

-- --------------------------------------------------------

--
-- Table structure for table `users`
--

CREATE TABLE `users` (
  `id` int(11) NOT NULL,
  `user_name` varchar(50) DEFAULT NULL,
  `email` varchar(100) DEFAULT NULL,
  `pass_word` varchar(100) DEFAULT NULL,
  `re_pass_word` varchar(100) DEFAULT NULL,
  `contact` varchar(50) DEFAULT NULL,
  `address` varchar(250) DEFAULT NULL,
  `city_id` int(11) DEFAULT NULL,
  `country_id` int(11) DEFAULT NULL,
  `user_type` varchar(11) NOT NULL
) ENGINE=InnoDB DEFAULT CHARSET=latin1;

--
-- Dumping data for table `users`
--

INSERT INTO `users` (`id`, `user_name`, `email`, `pass_word`, `re_pass_word`, `contact`, `address`, `city_id`, `country_id`, `user_type`) VALUES
(1, 'Md. Omour Faruk', 'omourfaruk89@gmail.com', '12345678', '12345678', '01716430471', 'mohammadpur', 1, 1, ''),
(2, 'Ashik', 'ashik@gmail.com', '12345678', '12345678', '01622101910', 'mohammadpur', 1, 1, ''),
(3, 'javed', 'javed@yahoo.com', '12345678', '12345678', '01981984947', 'gawpara', 2, 1, 'u'),
(7, 'alauddin', 'alauddin@gmail.com', '12345678', '12345678', '01723373143', 'Muhammapur', 1, 1, 'u'),
(8, 'Rony', 'rony@outlook.com', '12345678', '12345678', '01622101910', 'Savar', 1, 1, 'u'),
(9, 'sumon', 'sumon@outook.com', '12345678', '12345678', '01765435433', 'dhaka', 1, 1, 'u'),
(10, 'sumon', 'sumon@outook.com', '12345678', '12345678', '01765435433', 'dhaka', 1, 1, 'u'),
(11, 'sumon', 'sumon@outook.com', '12345678', '12345678', '01765435433', 'dhaka', 1, 1, 'u'),
(12, 'sumon', 'sumon@outook.com', '12345678', '12345678', '01765435433', 'dhaka', 1, 1, 'u'),
(13, 'sumon', 'sumon@outook.com', '12345678', '12345678', '01765435433', 'dhaka', 1, 1, 'u'),
(14, 'sumon', 'sumon@outook.com', '12345678', '12345678', '01765435433', 'dhaka', 1, 1, 'u'),
(15, 'sumon', 'sumon@outook.com', '12345678', '12345678', '01765435433', 'dhaka', 1, 1, 'u'),
(16, 'sumon', 'sumon@outook.com', '12345678', '12345678', '01765435433', 'dhaka', 1, 1, 'u'),
(17, 'ashik', 'ashik@gmail.com', '12345678', '12345678', '12345678901', 'rajshahi', 2, 1, 'u'),
(18, 'Mehei', 'mehedi@gmail.com', '12345678', '12345678', '12345678901', 'Rajshahi', 2, 1, 'u'),
(19, 'sakib', 'sakib@gmail.com', '12345678', '12345678', '01754852668', 'dhaja', 1, 1, 'u');

--
-- Indexes for dumped tables
--

--
-- Indexes for table `city`
--
ALTER TABLE `city`
  ADD PRIMARY KEY (`id`),
  ADD KEY `country_id` (`country_id`);

--
-- Indexes for table `comments`
--
ALTER TABLE `comments`
  ADD PRIMARY KEY (`id`),
  ADD KEY `post_id` (`post_id`),
  ADD KEY `user_id` (`user_id`);

--
-- Indexes for table `country`
--
ALTER TABLE `country`
  ADD PRIMARY KEY (`id`);

--
-- Indexes for table `post`
--
ALTER TABLE `post`
  ADD PRIMARY KEY (`id`),
  ADD KEY `user_id` (`user_id`);

--
-- Indexes for table `users`
--
ALTER TABLE `users`
  ADD PRIMARY KEY (`id`),
  ADD KEY `city_id` (`city_id`),
  ADD KEY `country_id` (`country_id`);

--
-- AUTO_INCREMENT for dumped tables
--

--
-- AUTO_INCREMENT for table `city`
--
ALTER TABLE `city`
  MODIFY `id` int(11) NOT NULL AUTO_INCREMENT, AUTO_INCREMENT=35;
--
-- AUTO_INCREMENT for table `comments`
--
ALTER TABLE `comments`
  MODIFY `id` int(11) NOT NULL AUTO_INCREMENT, AUTO_INCREMENT=36;
--
-- AUTO_INCREMENT for table `country`
--
ALTER TABLE `country`
  MODIFY `id` int(11) NOT NULL AUTO_INCREMENT, AUTO_INCREMENT=31;
--
-- AUTO_INCREMENT for table `post`
--
ALTER TABLE `post`
  MODIFY `id` int(11) NOT NULL AUTO_INCREMENT, AUTO_INCREMENT=58;
--
-- AUTO_INCREMENT for table `users`
--
ALTER TABLE `users`
  MODIFY `id` int(11) NOT NULL AUTO_INCREMENT, AUTO_INCREMENT=20;
--
-- Constraints for dumped tables
--

--
-- Constraints for table `city`
--
ALTER TABLE `city`
  ADD CONSTRAINT `city_ibfk_1` FOREIGN KEY (`country_id`) REFERENCES `country` (`id`);

--
-- Constraints for table `comments`
--
ALTER TABLE `comments`
  ADD CONSTRAINT `comments_ibfk_1` FOREIGN KEY (`post_id`) REFERENCES `post` (`id`),
  ADD CONSTRAINT `comments_ibfk_2` FOREIGN KEY (`user_id`) REFERENCES `users` (`id`);

--
-- Constraints for table `post`
--
ALTER TABLE `post`
  ADD CONSTRAINT `post_ibfk_1` FOREIGN KEY (`user_id`) REFERENCES `users` (`id`);

--
-- Constraints for table `users`
--
ALTER TABLE `users`
  ADD CONSTRAINT `users_ibfk_1` FOREIGN KEY (`city_id`) REFERENCES `city` (`id`),
  ADD CONSTRAINT `users_ibfk_2` FOREIGN KEY (`country_id`) REFERENCES `country` (`id`);

/*!40101 SET CHARACTER_SET_CLIENT=@OLD_CHARACTER_SET_CLIENT */;
/*!40101 SET CHARACTER_SET_RESULTS=@OLD_CHARACTER_SET_RESULTS */;
/*!40101 SET COLLATION_CONNECTION=@OLD_COLLATION_CONNECTION */;
